experiment,seed,budget_won,scenario,service_fulfillment_rate,served_units,covered_villages,unserved_villages,survey_required_areas,survey_required_covered,travel_time_s,travel_cost_won,additional_budget_won,required_budget_won,minimum_coverage_met
budget_sensitivity,,4000000,efficiency,0.1214,17,3,13,8,3,2397,49589,,,False
budget_sensitivity,,4000000,balanced,0.1214,17,5,11,8,5,4124,91882,,,False
budget_sensitivity,,4000000,minimum_coverage,0.1,14,14,2,8,7,15057,318027,608959,4608959,False
budget_sensitivity,,5000000,efficiency,0.15,21,3,13,8,3,2397,49589,,,False
budget_sensitivity,,5000000,balanced,0.15,21,8,8,8,5,8417,183732,,,False
budget_sensitivity,,5000000,minimum_coverage,0.1214,17,16,0,8,8,19580,428959,0,4608959,True
budget_sensitivity,,6000000,efficiency,0.1857,26,4,12,8,3,3863,79757,,,False
budget_sensitivity,,6000000,balanced,0.1857,26,5,11,8,4,5081,111413,,,False
budget_sensitivity,,6000000,minimum_coverage,0.1571,22,16,0,8,8,19580,428959,0,4608959,True
budget_sensitivity,,7000000,efficiency,0.2143,30,4,12,8,4,3615,81245,,,False
budget_sensitivity,,7000000,balanced,0.2143,30,7,9,8,6,7157,155395,,,False
budget_sensitivity,,7000000,minimum_coverage,0.1857,26,16,0,8,8,19580,428959,0,4608959,True
synthetic_multi_seed_robustness,2026,5000000,efficiency,0.15,21,,,,,,,,,
synthetic_multi_seed_robustness,2026,5000000,balanced,0.15,,8,,8,5,,183732,,,
synthetic_multi_seed_robustness,2027,5000000,efficiency,0.1479,21,,,,,,,,,
synthetic_multi_seed_robustness,2027,5000000,balanced,0.1479,,7,,8,4,,170218,,,
synthetic_multi_seed_robustness,2028,5000000,efficiency,0.1667,22,,,,,,,,,
synthetic_multi_seed_robustness,2028,5000000,balanced,0.1667,,3,,11,3,,49582,,,
synthetic_multi_seed_robustness,2029,5000000,efficiency,0.1549,22,,,,,,,,,
synthetic_multi_seed_robustness,2029,5000000,balanced,0.1549,,4,,13,4,,39878,,,
synthetic_multi_seed_robustness,2030,5000000,efficiency,0.1533,21,,,,,,,,,
synthetic_multi_seed_robustness,2030,5000000,balanced,0.1533,,7,,6,4,,202280,,,
synthetic_multi_seed_robustness,2031,5000000,efficiency,0.1641,21,,,,,,,,,
synthetic_multi_seed_robustness,2031,5000000,balanced,0.1641,,8,,7,4,,214190,,,
synthetic_multi_seed_robustness,2032,5000000,efficiency,0.1642,22,,,,,,,,,
synthetic_multi_seed_robustness,2032,5000000,balanced,0.1642,,3,,9,1,,28842,,,
synthetic_multi_seed_robustness,2033,5000000,efficiency,0.1667,22,,,,,,,,,
synthetic_multi_seed_robustness,2033,5000000,balanced,0.1667,,3,,11,1,,48514,,,
synthetic_multi_seed_robustness,2034,5000000,efficiency,0.1469,21,,,,,,,,,
synthetic_multi_seed_robustness,2034,5000000,balanced,0.1469,,7,,7,4,,214145,,,
synthetic_multi_seed_robustness,2035,5000000,efficiency,0.1458,21,,,,,,,,,
synthetic_multi_seed_robustness,2035,5000000,balanced,0.1458,,7,,6,5,,199252,,,
synthetic_multi_seed_robustness,2036,5000000,efficiency,0.1654,22,,,,,,,,,
synthetic_multi_seed_robustness,2036,5000000,balanced,0.1654,,3,,6,2,,49019,,,
synthetic_multi_seed_robustness,2037,5000000,efficiency,0.1692,22,,,,,,,,,
synthetic_multi_seed_robustness,2037,5000000,balanced,0.1692,,3,,7,2,,48514,,,
synthetic_multi_seed_robustness,2038,5000000,efficiency,0.15,21,,,,,,,,,
synthetic_multi_seed_robustness,2038,5000000,balanced,0.15,,8,,5,4,,209744,,,
synthetic_multi_seed_robustness,2039,5000000,efficiency,0.15,21,,,,,,,,,
synthetic_multi_seed_robustness,2039,5000000,balanced,0.15,,7,,8,4,,198980,,,
synthetic_multi_seed_robustness,2040,5000000,efficiency,0.1556,21,,,,,,,,,
synthetic_multi_seed_robustness,2040,5000000,balanced,0.1556,,7,,8,4,,213349,,,
synthetic_multi_seed_robustness,2041,5000000,efficiency,0.1511,21,,,,,,,,,
synthetic_multi_seed_robustness,2041,5000000,balanced,0.1511,,8,,7,4,,177166,,,
synthetic_multi_seed_robustness,2042,5000000,efficiency,0.1448,21,,,,,,,,,
synthetic_multi_seed_robustness,2042,5000000,balanced,0.1448,,6,,5,4,,149962,,,
synthetic_multi_seed_robustness,2043,5000000,efficiency,0.1497,22,,,,,,,,,
synthetic_multi_seed_robustness,2043,5000000,balanced,0.1497,,3,,11,3,,42293,,,
synthetic_multi_seed_robustness,2044,5000000,efficiency,0.1615,21,,,,,,,,,
synthetic_multi_seed_robustness,2044,5000000,balanced,0.1615,,7,,9,5,,153346,,,
synthetic_multi_seed_robustness,2045,5000000,efficiency,0.1489,21,,,,,,,,,
synthetic_multi_seed_robustness,2045,5000000,balanced,0.1489,,7,,4,3,,182265,,,
synthetic_multi_seed_robustness,2046,5000000,efficiency,0.1667,21,,,,,,,,,
synthetic_multi_seed_robustness,2046,5000000,balanced,0.1667,,7,,9,5,,167666,,,
