areas,providers,change,seed,scenario_provenance,baseline_solver_status,replan_solver_status,baseline_runtime_ms,replan_runtime_ms,baseline_cost_won,replan_cost_won,cost_delta_won,baseline_covered_areas,replan_covered_areas,coverage_delta_areas,baseline_zero_service_areas,replan_zero_service_areas,zero_service_delta_areas,warm_start_compatible_candidates,baseline_invariants_passed,replan_invariants_passed,replan_success,error_type,violations,requested_participation_rate
16,3,ONE_PROVIDER_DECLINES,20261021,SYNTHETIC_SCENARIO_GENERATOR,OPTIMAL,OPTIMAL,3320.62,3254.25,4651198,4579692,-71506,15,15,0,1,1,0,11,True,True,True,,,1.0
16,3,TWO_PROVIDERS_DECLINE,20261021,SYNTHETIC_SCENARIO_GENERATOR,OPTIMAL,OPTIMAL,3320.62,92.08,4651198,4698123,46925,15,10,-5,1,6,5,5,True,True,True,,,1.0
16,3,TWENTY_PERCENT_UNAVAILABLE,20261021,SYNTHETIC_SCENARIO_GENERATOR,OPTIMAL,OPTIMAL,3320.62,3182.75,4651198,4579692,-71506,15,15,0,1,1,0,11,True,True,True,,,1.0
16,3,BUDGET_MINUS_TEN_PERCENT,20261021,SYNTHETIC_SCENARIO_GENERATOR,OPTIMAL,OPTIMAL,3320.62,3193.83,4651198,4196028,-455170,15,13,-2,1,3,2,13,True,True,True,,,1.0
16,3,NEW_RESIDENT_CLAIM_REQUIRES_SURVEY,20261021,SYNTHETIC_SCENARIO_GENERATOR,OPTIMAL,OPTIMAL,3320.62,3047.22,4651198,4651198,0,15,15,0,1,1,0,15,True,True,True,,,1.0
16,3,NEW_VERIFIED_SURVEY_CHANGES_DEMAND,20261021,SYNTHETIC_SCENARIO_GENERATOR,OPTIMAL,OPTIMAL,3320.62,3206.88,4651198,4555499,-95699,15,15,0,1,1,0,15,True,True,True,,,1.0
50,5,ONE_PROVIDER_DECLINES,20261057,SYNTHETIC_SCENARIO_GENERATOR,FEASIBLE,TIME_LIMIT,5901.68,8435.71,14220478,13861255,-359223,47,41,-6,3,9,6,29,True,True,True,,,1.0
50,5,TWO_PROVIDERS_DECLINE,20261057,SYNTHETIC_SCENARIO_GENERATOR,FEASIBLE,OPTIMAL,5901.68,6321.25,14220478,14457347,236869,47,36,-11,3,14,11,16,True,True,True,,,1.0
50,5,TWENTY_PERCENT_UNAVAILABLE,20261057,SYNTHETIC_SCENARIO_GENERATOR,FEASIBLE,TIME_LIMIT,5901.68,8307.1,14220478,13861255,-359223,47,41,-6,3,9,6,29,True,True,True,,,1.0
50,5,BUDGET_MINUS_TEN_PERCENT,20261057,SYNTHETIC_SCENARIO_GENERATOR,FEASIBLE,FEASIBLE,5901.68,5763.13,14220478,12709800,-1510678,47,43,-4,3,7,4,39,True,True,True,,,1.0
50,5,NEW_RESIDENT_CLAIM_REQUIRES_SURVEY,20261057,SYNTHETIC_SCENARIO_GENERATOR,FEASIBLE,TIME_LIMIT,5901.68,6706.28,14220478,14103575,-116903,47,45,-2,3,5,2,46,True,True,True,,,1.0
50,5,NEW_VERIFIED_SURVEY_CHANGES_DEMAND,20261057,SYNTHETIC_SCENARIO_GENERATOR,FEASIBLE,TIME_LIMIT,5901.68,6097.37,14220478,14205369,-15109,47,47,0,3,3,0,42,True,True,True,,,1.0
