areas,providers,change,seed,scenario_provenance,baseline_solver_status,cold_solver_status,replan_solver_status,baseline_runtime_ms,cold_runtime_ms,warm_runtime_ms,replan_runtime_ms,baseline_cost_won,replan_cost_won,cost_delta_won,baseline_covered_areas,replan_covered_areas,coverage_delta_areas,baseline_minimum_coverage_met,replan_minimum_coverage_met,minimum_coverage_change,baseline_zero_service_areas,replan_zero_service_areas,zero_service_delta_areas,warm_start_compatible_candidates,cold_assignment_change_count,cold_assignment_change_rate,assignment_change_count,assignment_change_rate,assignment_change_reduction_vs_cold,baseline_invariants_passed,cold_invariants_passed,replan_invariants_passed,replan_success,cold_error_type,warm_error_type,expected_fail_closed,expected_block_reasons,violations,requested_participation_rate
16,3,ONE_PROVIDER_DECLINES,20261021,SYNTHETIC_SCENARIO_GENERATOR,OPTIMAL,OPTIMAL,OPTIMAL,2491.16,2641.35,2643.43,2643.43,4704702,4655305,-49397,15,15,0,False,False,0,1,1,0,11,20,1.333333,18,1.2,2,True,True,True,True,,,False,[],,1.0
16,3,TWO_PROVIDERS_DECLINE,20261021,SYNTHETIC_SCENARIO_GENERATOR,OPTIMAL,OPTIMAL,OPTIMAL,2491.16,75.26,73.45,73.45,4704702,4735249,30547,15,10,-5,False,False,0,1,6,5,5,17,1.133333,17,1.133333,0,True,True,True,True,,,False,[],,1.0
16,3,TWENTY_PERCENT_UNAVAILABLE,20261021,SYNTHETIC_SCENARIO_GENERATOR,OPTIMAL,OPTIMAL,OPTIMAL,2491.16,2627.99,2634.05,2634.05,4704702,4655305,-49397,15,15,0,False,False,0,1,1,0,11,20,1.333333,18,1.2,2,True,True,True,True,,,False,[],,1.0
16,3,BUDGET_MINUS_TEN_PERCENT,20261021,SYNTHETIC_SCENARIO_GENERATOR,OPTIMAL,OPTIMAL,OPTIMAL,2491.16,2510.27,2508.93,2508.93,4704702,4250922,-453780,15,13,-2,False,False,0,1,3,2,13,8,0.533333,8,0.533333,0,True,True,True,True,,,False,[],,1.0
16,3,BUDGET_PLUS_TEN_PERCENT,20261021,SYNTHETIC_SCENARIO_GENERATOR,OPTIMAL,OPTIMAL,OPTIMAL,2491.16,2620.06,2610.38,2610.38,4704702,5187566,482864,15,15,0,False,False,0,1,1,0,14,8,0.533333,2,0.133333,6,True,True,True,True,,,False,[],,1.0
16,3,NEW_RESIDENT_CLAIM_REQUIRES_SURVEY,20261021,SYNTHETIC_SCENARIO_GENERATOR,OPTIMAL,OPTIMAL,OPTIMAL,2491.16,2465.96,2470.05,2470.05,4704702,4704702,0,15,15,0,False,False,0,1,1,0,15,8,0.533333,0,0.0,8,True,True,True,True,,,False,[],,1.0
16,3,NEW_VERIFIED_SURVEY_CHANGES_DEMAND,20261021,SYNTHETIC_SCENARIO_GENERATOR,OPTIMAL,OPTIMAL,OPTIMAL,2491.16,2893.96,2932.7,2932.7,4704702,4704702,0,15,15,0,False,False,0,1,1,0,15,0,0.0,0,0.0,0,True,True,True,True,,,False,[],,1.0
16,3,MATERIAL_COST_INCREASE,20261021,SYNTHETIC_SCENARIO_GENERATOR,OPTIMAL,OPTIMAL,OPTIMAL,2491.16,3198.91,3240.12,3240.12,4704702,4706734,2032,15,13,-2,False,False,0,1,3,2,11,18,1.2,16,1.066667,2,True,True,True,True,,,False,[],,1.0
16,3,ROUTE_UNAVAILABLE,20261021,SYNTHETIC_SCENARIO_GENERATOR,OPTIMAL,NOT_VERIFIABLE,NOT_VERIFIABLE,2491.16,0.45,0.33,0.33,4704702,,,15,,,False,,,1,,,,,,,,,True,False,False,False,ValueError,ValueError,True,"['COLD: provider road route missing for depot-00 and area-000', 'WARM: provider road route missing for depot-00 and area-000']",,1.0
50,5,ONE_PROVIDER_DECLINES,20261057,SYNTHETIC_SCENARIO_GENERATOR,TIME_LIMIT,FEASIBLE,FEASIBLE,3824.75,3867.8,3133.17,3133.17,14223150,14233058,9908,46,47,1,False,False,0,4,3,-1,33,83,1.804348,81,1.76087,2,True,True,True,True,,,False,[],,1.0
50,5,TWO_PROVIDERS_DECLINE,20261057,SYNTHETIC_SCENARIO_GENERATOR,TIME_LIMIT,TIME_LIMIT,TIME_LIMIT,3824.75,2821.94,3005.11,3005.11,14223150,13784094,-439056,46,38,-8,False,False,0,4,12,8,23,84,1.826087,78,1.695652,6,True,True,True,True,,,False,[],,1.0
50,5,TWENTY_PERCENT_UNAVAILABLE,20261057,SYNTHETIC_SCENARIO_GENERATOR,TIME_LIMIT,FEASIBLE,FEASIBLE,3824.75,3904.52,3112.58,3112.58,14223150,14233058,9908,46,47,1,False,False,0,4,3,-1,33,83,1.804348,81,1.76087,2,True,True,True,True,,,False,[],,1.0
50,5,BUDGET_MINUS_TEN_PERCENT,20261057,SYNTHETIC_SCENARIO_GENERATOR,TIME_LIMIT,TIME_LIMIT,TIME_LIMIT,3824.75,3568.3,3665.01,3665.01,14223150,12870354,-1352796,46,43,-3,False,False,0,4,7,3,41,60,1.304348,77,1.673913,-17,True,True,True,True,,,False,[],,1.0
50,5,BUDGET_PLUS_TEN_PERCENT,20261057,SYNTHETIC_SCENARIO_GENERATOR,TIME_LIMIT,TIME_LIMIT,TIME_LIMIT,3824.75,3900.59,3850.09,3850.09,14223150,15786511,1563361,46,48,2,False,False,0,4,2,-2,45,64,1.391304,78,1.695652,-14,True,True,True,True,,,False,[],,1.0
50,5,NEW_RESIDENT_CLAIM_REQUIRES_SURVEY,20261057,SYNTHETIC_SCENARIO_GENERATOR,TIME_LIMIT,TIME_LIMIT,TIME_LIMIT,3824.75,4110.21,3968.1,3968.1,14223150,14143819,-79331,46,46,0,False,False,0,4,4,0,42,54,1.173913,66,1.434783,-12,True,True,True,True,,,False,[],,1.0
50,5,NEW_VERIFIED_SURVEY_CHANGES_DEMAND,20261057,SYNTHETIC_SCENARIO_GENERATOR,TIME_LIMIT,TIME_LIMIT,FEASIBLE,3824.75,3648.83,3661.96,3661.96,14223150,14281193,58043,46,47,1,False,False,0,4,3,-1,44,68,1.478261,71,1.543478,-3,True,True,True,True,,,False,[],,1.0
50,5,MATERIAL_COST_INCREASE,20261057,SYNTHETIC_SCENARIO_GENERATOR,TIME_LIMIT,OPTIMAL,OPTIMAL,3824.75,2218.44,2279.99,2279.99,14223150,14620090,396940,46,42,-4,False,False,0,4,8,4,37,78,1.695652,66,1.434783,12,True,True,True,True,,,False,[],,1.0
50,5,ROUTE_UNAVAILABLE,20261057,SYNTHETIC_SCENARIO_GENERATOR,TIME_LIMIT,NOT_VERIFIABLE,NOT_VERIFIABLE,3824.75,3.17,2.98,2.98,14223150,,,46,,,False,,,4,,,,,,,,,True,False,False,False,ValueError,ValueError,True,"['COLD: provider road route missing for depot-00 and area-000', 'WARM: provider road route missing for depot-00 and area-000']",,1.0
