service_area_count,provider_count,num_areas,num_providers,variant,variation,matrix_profile,budget_tier,requested_participation_rate,observed_participation_rate,evidence_low_data_rate,route_missing_rate,service_support_mode,seed,scenario_provenance,route_matrix_provenance,deterministic_fingerprint,reproducibility_fingerprint,budget_won,budget_spent_won,budget_gap_won,missing_capacity,candidate_round_count,served_rounds,served_units,total_demand_units,covered_areas,uncovered_areas,minimum_coverage_met,solver_status,optimality_proven,time_limit_reached,objective_value,objective_bound,relative_gap,solver_runtime_ms,solve_time_ms,route_matrix_complete,route_missing_edges,route_fallback_allowed,fallback_route_count,unavailable_provider_count,low_data_area_count,memory_peak_bytes,memory_peak_status,multi_stop_routes,distance_savings_m,cost_savings_won,status,violations
16,3,16,3,A,NORMAL,BASELINE,normal,1.0,1.0,0.25,0.0,NORMAL,20261003,SYNTHETIC_SCENARIO_GENERATOR,SYNTHETIC_ROUTE_EDGES_FOR_STRESS_ONLY,d3e1e7196e4420991c49f23fff9987d9ae684691c32bc0e3e8138625a0dcb5e0,6698a1c9984b3047830ac5e2e05321e785506bdca2c2a9b11545e243d8ec7ff6,4800000,4597977,,0,156,15,15,38,15,1,False,OPTIMAL,True,False,0.0,0.0,0.0,1065.61,1065.61,True,0,False,0,0,2,,NOT_MEASURED_NATIVE_SOLVER_MEMORY_UNAVAILABLE,3,65435,146841,PASS,
16,3,16,3,A,NORMAL,TIGHT_MIXED,tight,0.75,0.6667,0.5,0.05,NORMAL,20261004,SYNTHETIC_SCENARIO_GENERATOR,SYNTHETIC_ROUTE_EDGES_FOR_STRESS_ONLY,75d66e2c6f0ae36e84b523b121690304447bb6b96ddae763e3ff205b56717f51,beb1f1435ccbf5b76b95cf8c2e892f4a0148868739fd5ba94f0f306ff269eee3,1280000,1188655,,4,32,4,4,35,4,12,False,OPTIMAL,True,False,0.0,0.0,0.0,998.18,998.18,True,12,True,0,1,9,,NOT_MEASURED_NATIVE_SOLVER_MEMORY_UNAVAILABLE,1,28208,63308,PASS,
16,3,16,3,A,NORMAL,HIGH_POOR,high,0.5,0.6667,0.8,0.2,NORMAL,20261005,SYNTHETIC_SCENARIO_GENERATOR,SYNTHETIC_ROUTE_EDGES_FOR_STRESS_ONLY,93718a79f00ea333cd6358bca7948e25e4497f663acbb048a31f0b95948b3cc3,431f7f755417e63b3ce8dad40d56703adc8e550a7a48a7c799089a8fb96c4cc1,6400000,6333250,,0,164,16,21,34,16,0,True,OPTIMAL,True,False,0.0,0.0,0.0,1036.31,1036.31,False,48,True,20,1,14,,NOT_MEASURED_NATIVE_SOLVER_MEMORY_UNAVAILABLE,1,21461,48162,PASS,
16,3,16,3,A,NORMAL,ZERO_BUDGET_NO_SUPPLY_LOW_DATA,zero,0.0,0.0,1.0,0.0,NORMAL,20261006,SYNTHETIC_SCENARIO_GENERATOR,SYNTHETIC_ROUTE_EDGES_FOR_STRESS_ONLY,b88e822fe0b9891c62dbe7f7dc4e483f1f63659ab6dfbe92193998a6a7e52ce5,5cc5ed77305c438820d45577c97c52f2418c6276aa7ec949ec01a30710b8fb72,0,0,,16,0,0,0,34,0,16,False,OPTIMAL,True,False,0.0,0.0,0.0,1.41,1.41,True,0,False,0,3,16,,NOT_MEASURED_NATIVE_SOLVER_MEMORY_UNAVAILABLE,0,0,0,PASS,
16,3,16,3,A,NORMAL,WRONG_SERVICE_REMOTE_EQUAL_DEMAND,normal,1.0,1.0,0.5,0.05,WRONG_SERVICE_ONLY,20261007,SYNTHETIC_SCENARIO_GENERATOR,SYNTHETIC_ROUTE_EDGES_FOR_STRESS_ONLY,992f7454989ed239cfd0ac2205eeac5bc2d515a80f1fa1790a76698edb8eef6b,c63032f3e26df0b0ab718488ae899d1c7022dce83fb1cbafdcd48e176e16b8b2,4800000,0,,16,0,0,0,16,0,16,False,OPTIMAL,True,False,0.0,0.0,0.0,0.95,0.95,True,12,True,0,0,7,,NOT_MEASURED_NATIVE_SOLVER_MEMORY_UNAVAILABLE,0,0,0,PASS,
16,3,16,3,A,NORMAL,MASS_PROVIDER_DECLINE_REMOTE,tight,0.2,0.3333,0.75,0.1,NORMAL,20261008,SYNTHETIC_SCENARIO_GENERATOR,SYNTHETIC_ROUTE_EDGES_FOR_STRESS_ONLY,3eb4dc09ba3d7343071840cf6c2e7992b94b7133aee2471bbde268aaaad63a78,97ed01f44c994911ec4afc22dea2cf121d95dc3eaaa6a6445bbf0370847d6c33,1280000,1277356,,0,48,4,4,34,4,12,False,OPTIMAL,True,False,0.0,0.0,0.0,30.42,30.42,False,24,True,12,2,11,,NOT_MEASURED_NATIVE_SOLVER_MEMORY_UNAVAILABLE,0,0,0,PASS,
16,3,16,3,A,NORMAL,HOME_REPAIR_HIGH_UNIT_COST,tight,0.5,0.6667,0.5,0.05,HOME_REPAIR_ONLY,20261009,SYNTHETIC_SCENARIO_GENERATOR,SYNTHETIC_ROUTE_EDGES_FOR_STRESS_ONLY,3897a0e7a76eb5352c9ab21e53ab41e3b153661d11abf2caaa0c8d45dfa79297,dd5c55d9e985e3b8790fce9503f50e44954d0391ffe71aa68b0628f7b3c82304,1280000,1271699,,4,8,1,1,39,1,15,False,OPTIMAL,True,False,0.0,0.0,0.0,5.4,5.4,True,12,True,0,1,11,,NOT_MEASURED_NATIVE_SOLVER_MEMORY_UNAVAILABLE,0,0,0,PASS,
16,3,16,3,A,NORMAL,HUB_COMPATIBLE_DAILY_SERVICE,normal,0.75,0.6667,0.35,0.0,HUB_COMPATIBLE_DAILY_SERVICE,20261010,SYNTHETIC_SCENARIO_GENERATOR,SYNTHETIC_ROUTE_EDGES_FOR_STRESS_ONLY,b5091279d72424568215984ba092f10de082a60117a3bd8cfa0c8077d42925e9,316bbe290fe72f1f6d9c61081b994190e7f1d5bbd78810ef622870f97e160f0a,4800000,4627162,,0,168,16,17,32,16,0,True,OPTIMAL,True,False,0.0,0.0,0.0,1037.28,1037.28,True,0,False,0,1,6,,NOT_MEASURED_NATIVE_SOLVER_MEMORY_UNAVAILABLE,2,75044,168410,PASS,
16,3,16,3,A,NORMAL,ROUTE_LOSS_STALE_LOW_DATA,high,0.5,0.6667,0.95,0.35,NORMAL,20261011,SYNTHETIC_SCENARIO_GENERATOR,SYNTHETIC_ROUTE_EDGES_FOR_STRESS_ONLY,ff32fef36f7eb7e8fe9623df1bd63d7ed93b171dd0cf0b1fdc7256932495955b,f64ed5d54712d33781bb8357bee09aa794952e1ae9bffc9ffcee0004b0f6b9ae,6400000,6339340,,0,148,15,20,30,15,1,False,OPTIMAL,True,False,0.0,0.0,0.0,577.73,577.73,False,84,True,20,1,16,,NOT_MEASURED_NATIVE_SOLVER_MEMORY_UNAVAILABLE,1,22557,50625,PASS,
16,5,16,5,A,NORMAL,BASELINE,normal,1.0,1.0,0.25,0.0,NORMAL,20261012,SYNTHETIC_SCENARIO_GENERATOR,SYNTHETIC_ROUTE_EDGES_FOR_STRESS_ONLY,f7f4555f9e5cd0f6935a4353489b79b99c276e29f5e1f9caea669d15d91fe565,0973716e83a9b54cf8cd039b529b900ff6738032b6bd8735ff9e3f5c6ec83c0c,4800000,4564545,,0,140,15,15,34,15,1,False,OPTIMAL,True,False,0.0,0.0,0.0,1038.68,1038.68,True,0,False,0,0,3,,NOT_MEASURED_NATIVE_SOLVER_MEMORY_UNAVAILABLE,2,81681,183305,PASS,
16,5,16,5,A,NORMAL,TIGHT_MIXED,tight,0.75,0.8,0.5,0.05,NORMAL,20261013,SYNTHETIC_SCENARIO_GENERATOR,SYNTHETIC_ROUTE_EDGES_FOR_STRESS_ONLY,47c77e702071c4ec0d872bba8e28c157db45ee079a73381f5827fd7667acefb8,301298c04a93fec05670137518116ec1bc665118b9934398139f9993adae4f6f,1280000,1273188,,0,48,4,4,31,4,12,False,OPTIMAL,True,False,0.0,0.0,0.0,356.06,356.06,False,12,True,12,1,6,,NOT_MEASURED_NATIVE_SOLVER_MEMORY_UNAVAILABLE,1,110,247,PASS,
16,5,16,5,A,NORMAL,HIGH_POOR,high,0.5,0.4,0.8,0.2,NORMAL,20261014,SYNTHETIC_SCENARIO_GENERATOR,SYNTHETIC_ROUTE_EDGES_FOR_STRESS_ONLY,d3c0a2d243eb5336f7fe8916bada1966569d91018ad143911b1b7585cf6b3ea2,59147efd4e9acdcb9e97bf8437a62f060cf7d77d2d3a8a5d2fd93c96c92c7e84,6400000,6369260,,0,160,16,21,35,16,0,True,OPTIMAL,True,False,0.0,0.0,0.0,848.03,848.03,False,48,True,20,3,16,,NOT_MEASURED_NATIVE_SOLVER_MEMORY_UNAVAILABLE,1,997,2232,PASS,
16,5,16,5,A,NORMAL,ZERO_BUDGET_NO_SUPPLY_LOW_DATA,zero,0.0,0.0,1.0,0.0,NORMAL,20261015,SYNTHETIC_SCENARIO_GENERATOR,SYNTHETIC_ROUTE_EDGES_FOR_STRESS_ONLY,bc40ad90ff56884026443f096aa5a4a9ca3867911cca57494ade8d61069094f3,fd8cec2bc99b13e9c8242c5c2c9a1e332bb607ad07861bf2daa7563e93102208,0,0,,16,0,0,0,30,0,16,False,OPTIMAL,True,False,0.0,0.0,0.0,0.99,0.99,True,0,False,0,5,16,,NOT_MEASURED_NATIVE_SOLVER_MEMORY_UNAVAILABLE,0,0,0,PASS,
16,5,16,5,A,NORMAL,WRONG_SERVICE_REMOTE_EQUAL_DEMAND,normal,1.0,1.0,0.5,0.05,WRONG_SERVICE_ONLY,20261016,SYNTHETIC_SCENARIO_GENERATOR,SYNTHETIC_ROUTE_EDGES_FOR_STRESS_ONLY,66e2d6ddbd2385bb44024a92c7b7848e038ad76667284d251296697047a2c067,577c22aaee4ee411a923e7f7f2a406faff1629c0a79c0bf13d5f9d771e5f4735,4800000,0,,16,0,0,0,16,0,16,False,OPTIMAL,True,False,0.0,0.0,0.0,1.32,1.32,True,12,True,0,0,7,,NOT_MEASURED_NATIVE_SOLVER_MEMORY_UNAVAILABLE,0,0,0,PASS,
16,5,16,5,A,NORMAL,MASS_PROVIDER_DECLINE_REMOTE,tight,0.2,0.2,0.75,0.1,NORMAL,20261017,SYNTHETIC_SCENARIO_GENERATOR,SYNTHETIC_ROUTE_EDGES_FOR_STRESS_ONLY,c16b58da0aa6f2c03127b8dc3e7c3469e4170e52714fa231b286348ac5efb50a,493bcebc5ddf563d10dd77dd46a05d8c0d53b8f7a19cc02474505af815b3cd03,1280000,1227864,,0,48,4,4,28,4,12,False,OPTIMAL,True,False,0.0,0.0,0.0,44.85,44.85,False,24,True,12,4,13,,NOT_MEASURED_NATIVE_SOLVER_MEMORY_UNAVAILABLE,0,0,0,PASS,
16,5,16,5,A,NORMAL,HOME_REPAIR_HIGH_UNIT_COST,tight,0.5,0.4,0.5,0.05,HOME_REPAIR_ONLY,20261018,SYNTHETIC_SCENARIO_GENERATOR,SYNTHETIC_ROUTE_EDGES_FOR_STRESS_ONLY,ad523b43e8846019fbf46b4f1751fb17acb06ac06691a93933e59caf2421ae92,d46a087874aafe9464a8fbf6c59697640f59632389412793d3b6c4d05cb2ae9a,1280000,1274566,,4,8,1,1,34,1,15,False,OPTIMAL,True,False,0.0,0.0,0.0,5.26,5.26,True,12,True,0,3,8,,NOT_MEASURED_NATIVE_SOLVER_MEMORY_UNAVAILABLE,0,0,0,PASS,
16,5,16,5,A,NORMAL,HUB_COMPATIBLE_DAILY_SERVICE,normal,0.75,0.8,0.35,0.0,HUB_COMPATIBLE_DAILY_SERVICE,20261019,SYNTHETIC_SCENARIO_GENERATOR,SYNTHETIC_ROUTE_EDGES_FOR_STRESS_ONLY,34b5c715b4b52ef0653eb30621ece462d3a06aa392980167b09d12057783a176,dfb35ef5b07c0e1d5f07ec457b319c0fcdeef1ec7b18b6d36382bc44901fe217,4800000,4566086,,0,128,16,17,36,16,0,True,OPTIMAL,True,False,0.0,0.0,0.0,1036.89,1036.89,True,0,False,0,1,5,,NOT_MEASURED_NATIVE_SOLVER_MEMORY_UNAVAILABLE,2,65740,147535,PASS,
16,5,16,5,A,NORMAL,ROUTE_LOSS_STALE_LOW_DATA,high,0.5,0.4,0.95,0.35,NORMAL,20261020,SYNTHETIC_SCENARIO_GENERATOR,SYNTHETIC_ROUTE_EDGES_FOR_STRESS_ONLY,77f5554a253968f8e665aef728083fb7a360c631f1d46a5f81f7049f8242b3b2,e2dcb903efa6d682e9245e6cf229e4eb87970f8bb229a46475e5b8a85746d4ad,6400000,6353954,,0,144,15,21,36,15,1,False,OPTIMAL,True,False,0.0,0.0,0.0,851.23,851.23,False,84,True,20,3,16,,NOT_MEASURED_NATIVE_SOLVER_MEMORY_UNAVAILABLE,0,0,0,PASS,
16,10,16,10,A,NORMAL,BASELINE,normal,1.0,1.0,0.25,0.0,NORMAL,20261021,SYNTHETIC_SCENARIO_GENERATOR,SYNTHETIC_ROUTE_EDGES_FOR_STRESS_ONLY,26db08f9c61988c4e2e2569e575d4d7dc24bfdcb5fc6fdbb9e2483c36912baf2,107a76e0669b3dd65c032c4c368b81a708243c5bc9b230fe620fed709aad080e,4800000,4645618,,0,148,14,16,30,14,2,False,OPTIMAL,True,False,0.0,0.0,0.0,1034.93,1034.93,True,0,False,0,0,7,,NOT_MEASURED_NATIVE_SOLVER_MEMORY_UNAVAILABLE,2,62582,140435,PASS,
16,10,16,10,A,NORMAL,TIGHT_MIXED,tight,0.75,0.8,0.5,0.05,NORMAL,20261022,SYNTHETIC_SCENARIO_GENERATOR,SYNTHETIC_ROUTE_EDGES_FOR_STRESS_ONLY,5d2f4d985302aa588118486967917a836c22b415e5c9a9d387381771c713e8d5,918e5c5d91001f86fad697d93ced9b4414deb1809fa98a32dc2624b072cc0ecd,1280000,1267831,,0,48,4,5,30,4,12,False,OPTIMAL,True,False,0.0,0.0,0.0,965.08,965.08,False,12,True,12,2,4,,NOT_MEASURED_NATIVE_SOLVER_MEMORY_UNAVAILABLE,1,968,2170,PASS,
16,10,16,10,A,NORMAL,HIGH_POOR,high,0.5,0.5,0.8,0.2,NORMAL,20261023,SYNTHETIC_SCENARIO_GENERATOR,SYNTHETIC_ROUTE_EDGES_FOR_STRESS_ONLY,714554c44e635f1fa07c6c5505fb33add8401de28a99a05be31f4a020effc94c,5e2d7f9910be3712d98ad2175684b337da84ec81faecb1e919db63398155bbfd,6400000,6340229,,0,136,16,22,35,16,0,True,OPTIMAL,True,False,0.0,0.0,0.0,1089.95,1089.95,False,48,True,16,5,13,,NOT_MEASURED_NATIVE_SOLVER_MEMORY_UNAVAILABLE,2,21861,49055,PASS,
16,10,16,10,A,NORMAL,ZERO_BUDGET_NO_SUPPLY_LOW_DATA,zero,0.0,0.0,1.0,0.0,NORMAL,20261024,SYNTHETIC_SCENARIO_GENERATOR,SYNTHETIC_ROUTE_EDGES_FOR_STRESS_ONLY,eb3e10da1dfc24e90afdec2d7358722cc2b90a8c7fe1a2411935209074b121be,e85b4eaf822f6e8add4f040ba50de809453c3e1d1394fa72f4cb6b277c2a6ede,0,0,,16,0,0,0,28,0,16,False,OPTIMAL,True,False,0.0,0.0,0.0,1.23,1.23,True,0,False,0,10,16,,NOT_MEASURED_NATIVE_SOLVER_MEMORY_UNAVAILABLE,0,0,0,PASS,
16,10,16,10,A,NORMAL,WRONG_SERVICE_REMOTE_EQUAL_DEMAND,normal,1.0,1.0,0.5,0.05,WRONG_SERVICE_ONLY,20261025,SYNTHETIC_SCENARIO_GENERATOR,SYNTHETIC_ROUTE_EDGES_FOR_STRESS_ONLY,6793e474e0053695f547b699b01e536756a1b3a763d2a3deb459fdeba83a9269,9aee6ae5ff36c17701b5214c7e77f21dd1ac1296b01f199697973299c02a1dd3,4800000,0,,16,0,0,0,16,0,16,False,OPTIMAL,True,False,0.0,0.0,0.0,1.16,1.16,True,12,True,0,0,8,,NOT_MEASURED_NATIVE_SOLVER_MEMORY_UNAVAILABLE,0,0,0,PASS,
16,10,16,10,A,NORMAL,MASS_PROVIDER_DECLINE_REMOTE,tight,0.2,0.2,0.75,0.1,NORMAL,20261026,SYNTHETIC_SCENARIO_GENERATOR,SYNTHETIC_ROUTE_EDGES_FOR_STRESS_ONLY,2a64c1c5e31c10ec363e5501fa1c0d9bc52350b50c15aabe2cb48fb148ee7061,a27fb69e48f5340674d1b27aac241b298e2e23b826c4b8ee064f3849267a9c38,1280000,1253249,,0,48,4,4,29,4,12,False,OPTIMAL,True,False,0.0,0.0,0.0,167.84,167.84,False,24,True,12,8,14,,NOT_MEASURED_NATIVE_SOLVER_MEMORY_UNAVAILABLE,0,0,0,PASS,
16,10,16,10,A,NORMAL,HOME_REPAIR_HIGH_UNIT_COST,tight,0.5,0.5,0.5,0.05,HOME_REPAIR_ONLY,20261027,SYNTHETIC_SCENARIO_GENERATOR,SYNTHETIC_ROUTE_EDGES_FOR_STRESS_ONLY,b578bcc9775ba249bd273b043cdf25f7458c9b8b637135906468c64b0877ed75,243d691bc94b4c6b107cace2c109d7855e543dc76533af62b8436e74993d912b,1280000,1231241,,4,8,1,1,26,1,15,False,OPTIMAL,True,False,0.0,0.0,0.0,10.63,10.63,True,12,True,0,5,10,,NOT_MEASURED_NATIVE_SOLVER_MEMORY_UNAVAILABLE,0,0,0,PASS,
16,10,16,10,A,NORMAL,HUB_COMPATIBLE_DAILY_SERVICE,normal,0.75,0.8,0.35,0.0,HUB_COMPATIBLE_DAILY_SERVICE,20261028,SYNTHETIC_SCENARIO_GENERATOR,SYNTHETIC_ROUTE_EDGES_FOR_STRESS_ONLY,c171e87704456e2be42eaa2260dc13e6cf8b7a14ab8068ef59f2376952f84a76,58d562fc3c38b548584822f1d00fde2e339c61a0c641b8c6a9414c8e4e3392b6,4800000,4667378,,0,136,15,18,32,15,1,False,TIME_LIMIT,False,True,6931505856.0,7128380856.0,,2412.71,2412.71,True,0,False,0,2,5,,NOT_MEASURED_NATIVE_SOLVER_MEMORY_UNAVAILABLE,3,44192,99170,PASS,
16,10,16,10,A,NORMAL,ROUTE_LOSS_STALE_LOW_DATA,high,0.5,0.5,0.95,0.35,NORMAL,20261029,SYNTHETIC_SCENARIO_GENERATOR,SYNTHETIC_ROUTE_EDGES_FOR_STRESS_ONLY,3ae2bb6d76fb5fd0c08e972f4dc69a35148053010d7257ee0ead74c96dbe223f,f83f476c96711d2ca24f81c2699ead0e19b7573717cb693bc4a7fe91a25cb775,6400000,6398576,,0,128,15,22,34,15,1,False,OPTIMAL,True,False,0.0,0.0,0.0,1029.11,1029.11,False,84,True,36,5,15,,NOT_MEASURED_NATIVE_SOLVER_MEMORY_UNAVAILABLE,0,0,0,PASS,
16,20,16,20,A,NORMAL,BASELINE,normal,1.0,1.0,0.25,0.0,NORMAL,20261030,SYNTHETIC_SCENARIO_GENERATOR,SYNTHETIC_ROUTE_EDGES_FOR_STRESS_ONLY,dd86c3a84cb426d0aa37619030241f8c62a427752b93fa2ae6328d88080c8342,762c612ac8745475ffe15b9cd80306cd71060398b5b50d1343595ba14b92fc4d,4800000,4720983,,0,152,15,16,37,15,1,False,TIME_LIMIT,False,True,5972631914.0,6053812238.0,,2210.63,2210.63,True,0,False,0,0,7,,NOT_MEASURED_NATIVE_SOLVER_MEMORY_UNAVAILABLE,3,23043,51743,PASS,
16,20,16,20,A,NORMAL,TIGHT_MIXED,tight,0.75,0.75,0.5,0.05,NORMAL,20261031,SYNTHETIC_SCENARIO_GENERATOR,SYNTHETIC_ROUTE_EDGES_FOR_STRESS_ONLY,476da0f67f350ab26bc08926820d845d79c0f2dd205ea6943ee1b9a23c1e2015,7e798cc66c58e8c41fb4c4e9bc9da557af9f3395d57110adbfd4498f4c3762de,1280000,1219917,,4,32,4,4,33,4,12,False,OPTIMAL,True,False,0.0,0.0,0.0,943.66,943.66,True,12,True,0,5,6,,NOT_MEASURED_NATIVE_SOLVER_MEMORY_UNAVAILABLE,1,575,1401,PASS,
16,20,16,20,A,NORMAL,HIGH_POOR,high,0.5,0.5,0.8,0.2,NORMAL,20261032,SYNTHETIC_SCENARIO_GENERATOR,SYNTHETIC_ROUTE_EDGES_FOR_STRESS_ONLY,c7104b3ee48b7446a71343ab9a88c1e3a71f10334a8aca357bd1b0d5be86297e,bef7f3e9b032f90670a17d34eb1c3b43a257d1516c15d6e840b99721b74dee33,6400000,6368270,,0,148,16,22,27,15,1,False,TIME_LIMIT,False,True,8508023066.0,8508053175.0,,2231.88,2231.88,False,48,True,36,10,13,,NOT_MEASURED_NATIVE_SOLVER_MEMORY_UNAVAILABLE,1,6454,14478,PASS,
16,20,16,20,A,NORMAL,ZERO_BUDGET_NO_SUPPLY_LOW_DATA,zero,0.0,0.0,1.0,0.0,NORMAL,20261033,SYNTHETIC_SCENARIO_GENERATOR,SYNTHETIC_ROUTE_EDGES_FOR_STRESS_ONLY,00352cb63d396174b0a9142834e000ab7a764bdd537f42dff8b0b8dc85630ccf,a535f8baee0c470730be9756d4094afd927065cc475c9486816c83fe8b7fcee1,0,0,,16,0,0,0,30,0,16,False,OPTIMAL,True,False,0.0,0.0,0.0,1.27,1.27,True,0,False,0,20,16,,NOT_MEASURED_NATIVE_SOLVER_MEMORY_UNAVAILABLE,0,0,0,PASS,
16,20,16,20,A,NORMAL,WRONG_SERVICE_REMOTE_EQUAL_DEMAND,normal,1.0,1.0,0.5,0.05,WRONG_SERVICE_ONLY,20261034,SYNTHETIC_SCENARIO_GENERATOR,SYNTHETIC_ROUTE_EDGES_FOR_STRESS_ONLY,8582b406e3130957414f127c510c24d1b3eb0f1bd1368d2ba6c6f185c4c02b78,0935ac55736f7c3e94c6a7ac630db5e1f2757d5ba85e7679f78446ab7c934415,4800000,0,,16,0,0,0,16,0,16,False,OPTIMAL,True,False,0.0,0.0,0.0,1.19,1.19,True,12,True,0,0,6,,NOT_MEASURED_NATIVE_SOLVER_MEMORY_UNAVAILABLE,0,0,0,PASS,
16,20,16,20,A,NORMAL,MASS_PROVIDER_DECLINE_REMOTE,tight,0.2,0.2,0.75,0.1,NORMAL,20261035,SYNTHETIC_SCENARIO_GENERATOR,SYNTHETIC_ROUTE_EDGES_FOR_STRESS_ONLY,171a1781285e6017b8741cb76d769ccdd9884a29cbd6139204137183c0758785,997410971636c065a0b05d0d861090bca97ba14633689ece045e60aff4a38a70,1280000,1197230,,0,48,4,4,36,4,12,False,OPTIMAL,True,False,0.0,0.0,0.0,211.03,211.03,True,24,True,0,16,8,,NOT_MEASURED_NATIVE_SOLVER_MEMORY_UNAVAILABLE,1,27378,61446,PASS,
16,20,16,20,A,NORMAL,HOME_REPAIR_HIGH_UNIT_COST,tight,0.5,0.5,0.5,0.05,HOME_REPAIR_ONLY,20261036,SYNTHETIC_SCENARIO_GENERATOR,SYNTHETIC_ROUTE_EDGES_FOR_STRESS_ONLY,296183620518132d4d947e6cb48e2fa602dd084a088db9bb6e0589f385822956,ab905dc9667ed878be5c891e495c4fb44aa45fa10d68c40e53f5cb4c17a989e7,1280000,1230253,,4,8,1,1,38,1,15,False,OPTIMAL,True,False,0.0,0.0,0.0,22.69,22.69,True,12,True,0,10,11,,NOT_MEASURED_NATIVE_SOLVER_MEMORY_UNAVAILABLE,0,0,0,PASS,
16,20,16,20,A,NORMAL,HUB_COMPATIBLE_DAILY_SERVICE,normal,0.75,0.75,0.35,0.0,HUB_COMPATIBLE_DAILY_SERVICE,20261037,SYNTHETIC_SCENARIO_GENERATOR,SYNTHETIC_ROUTE_EDGES_FOR_STRESS_ONLY,87453d68a8746971c2c9fde597adeb9a6a54f0f891a74e8f0155225a88d13725,f5afa3b3cdf051dd49d1e57311f728f4378653f9dcec9a742ec61fa6c2a8e6cb,4800000,4533931,,0,156,16,17,32,16,0,True,FEASIBLE,False,False,6846873524.0,6846873524.0,,1131.82,1131.82,True,0,False,0,5,5,,NOT_MEASURED_NATIVE_SOLVER_MEMORY_UNAVAILABLE,5,107922,242213,PASS,
16,20,16,20,A,NORMAL,ROUTE_LOSS_STALE_LOW_DATA,high,0.5,0.5,0.95,0.35,NORMAL,20261038,SYNTHETIC_SCENARIO_GENERATOR,SYNTHETIC_ROUTE_EDGES_FOR_STRESS_ONLY,63ceaa2d8d9cf40a167c9052c55203501d6c46017332fb4d2511fb343c9877c7,b0572e831c4f48a4241661c3383fb5768043624057367e40f2e820eade4a781b,6400000,6370824,,0,144,15,22,34,15,1,False,OPTIMAL,True,False,0.0,0.0,0.0,1039.2,1039.2,False,84,True,36,10,15,,NOT_MEASURED_NATIVE_SOLVER_MEMORY_UNAVAILABLE,0,0,0,PASS,
30,3,30,3,A,NORMAL,BASELINE,normal,1.0,1.0,0.25,0.0,NORMAL,20261039,SYNTHETIC_SCENARIO_GENERATOR,SYNTHETIC_ROUTE_EDGES_FOR_STRESS_ONLY,f4b5bcad1af26291c2ae96d1cda835b16d26e14baf67872229ce79555c3fad6a,7de6d71282ae8c52052df9603ece75c8fa5d0a5f86a3219033c98432bd3873a1,9000000,8818260,,0,256,28,30,55,28,2,False,OPTIMAL,True,False,0.0,0.0,0.0,1072.41,1072.41,True,0,False,0,0,7,,NOT_MEASURED_NATIVE_SOLVER_MEMORY_UNAVAILABLE,4,80416,180456,PASS,
30,3,30,3,A,NORMAL,TIGHT_MIXED,tight,0.75,0.6667,0.5,0.05,NORMAL,20261040,SYNTHETIC_SCENARIO_GENERATOR,SYNTHETIC_ROUTE_EDGES_FOR_STRESS_ONLY,d1fcc2272c581614f496c644d70f3c3f32ce18a596657e94395355b6dcc74152,d976bc1b12f8a202e645c67d910ce259c2357486f0d25d7132ccab540aa65175,2400000,2255142,,6,96,8,8,61,8,22,False,OPTIMAL,True,False,0.0,0.0,0.0,1020.27,1020.27,False,44,True,12,1,14,,NOT_MEASURED_NATIVE_SOLVER_MEMORY_UNAVAILABLE,1,59576,133713,PASS,
30,3,30,3,A,NORMAL,HIGH_POOR,high,0.5,0.6667,0.8,0.2,NORMAL,20261041,SYNTHETIC_SCENARIO_GENERATOR,SYNTHETIC_ROUTE_EDGES_FOR_STRESS_ONLY,70ad086197ee870bcec3676252557574bfce32ae868c4735b52f075792a842c9,bba2b9453f6176d4371ad6deb1c0ebab1d78a6bc3c3e226088778d6503b086e6,12000000,11989003,,0,312,30,39,67,30,0,True,OPTIMAL,True,False,0.0,0.0,0.0,1114.48,1114.48,False,174,True,20,1,25,,NOT_MEASURED_NATIVE_SOLVER_MEMORY_UNAVAILABLE,1,3197,7171,PASS,
30,3,30,3,A,NORMAL,ZERO_BUDGET_NO_SUPPLY_LOW_DATA,zero,0.0,0.0,1.0,0.0,NORMAL,20261042,SYNTHETIC_SCENARIO_GENERATOR,SYNTHETIC_ROUTE_EDGES_FOR_STRESS_ONLY,f80008d95974cbfd141e19cfa2a3e78c9cd783f5e2f7ed52f54a60073138a4c4,626e337c615d8f9a4f8b0246f4e92c171b1cc0498e30a8b863af01f8b5453b46,0,0,,30,0,0,0,57,0,30,False,OPTIMAL,True,False,0.0,0.0,0.0,1.47,1.47,True,0,False,0,3,30,,NOT_MEASURED_NATIVE_SOLVER_MEMORY_UNAVAILABLE,0,0,0,PASS,
30,3,30,3,A,NORMAL,WRONG_SERVICE_REMOTE_EQUAL_DEMAND,normal,1.0,1.0,0.5,0.05,WRONG_SERVICE_ONLY,20261043,SYNTHETIC_SCENARIO_GENERATOR,SYNTHETIC_ROUTE_EDGES_FOR_STRESS_ONLY,026c1ef166d7809caf73eda22eb69d06f746129d0c6ae403fdad1997b42721fc,061a76d8b031614214fb6af2510a86c7e8d57b935be4e3367451b5f98925b200,9000000,0,,30,0,0,0,30,0,30,False,OPTIMAL,True,False,0.0,0.0,0.0,1.24,1.24,True,44,True,0,0,19,,NOT_MEASURED_NATIVE_SOLVER_MEMORY_UNAVAILABLE,0,0,0,PASS,
30,3,30,3,A,NORMAL,MASS_PROVIDER_DECLINE_REMOTE,tight,0.2,0.3333,0.75,0.1,NORMAL,20261044,SYNTHETIC_SCENARIO_GENERATOR,SYNTHETIC_ROUTE_EDGES_FOR_STRESS_ONLY,83bcafc76f85e50aaf19881be2e325d73011739ce690a6720576094cb9ab658d,c4d840281b857332db80ef9ec712141e7fd671a264e97bb4093ded0fb7fb801f,2400000,2368293,,6,96,8,9,58,8,22,False,OPTIMAL,True,False,0.0,0.0,0.0,1023.87,1023.87,False,87,True,12,2,21,,NOT_MEASURED_NATIVE_SOLVER_MEMORY_UNAVAILABLE,0,0,0,PASS,
30,3,30,3,A,NORMAL,HOME_REPAIR_HIGH_UNIT_COST,tight,0.5,0.6667,0.5,0.05,HOME_REPAIR_ONLY,20261045,SYNTHETIC_SCENARIO_GENERATOR,SYNTHETIC_ROUTE_EDGES_FOR_STRESS_ONLY,82ac68af8b2d8f5a7949915887908191b35bd81c3ec441f2393dfe3e19bfde1c,d960bc61a8578d964aae235f455d9c9433c01fbcc30e91c503428c202b8debba,2400000,1256270,,18,8,1,1,65,1,29,False,OPTIMAL,True,False,0.0,0.0,0.0,8.11,8.11,True,44,True,0,1,17,,NOT_MEASURED_NATIVE_SOLVER_MEMORY_UNAVAILABLE,0,0,0,PASS,
30,3,30,3,A,NORMAL,HUB_COMPATIBLE_DAILY_SERVICE,normal,0.75,0.6667,0.35,0.0,HUB_COMPATIBLE_DAILY_SERVICE,20261046,SYNTHETIC_SCENARIO_GENERATOR,SYNTHETIC_ROUTE_EDGES_FOR_STRESS_ONLY,0e6e1120ddeb55d1de232278831ed516770e16b966e0c666887c042437c5fd11,f64b72b5447878e459badfb27a92e4ca6473a937a297959e91e88102fb6927fe,9000000,8386815,,0,300,29,32,62,29,1,False,OPTIMAL,True,False,0.0,0.0,0.0,1078.74,1078.74,True,0,False,0,1,13,,NOT_MEASURED_NATIVE_SOLVER_MEMORY_UNAVAILABLE,5,263530,591439,PASS,
30,3,30,3,A,NORMAL,ROUTE_LOSS_STALE_LOW_DATA,high,0.5,0.6667,0.95,0.35,NORMAL,20261047,SYNTHETIC_SCENARIO_GENERATOR,SYNTHETIC_ROUTE_EDGES_FOR_STRESS_ONLY,8ff6b462f38eab93fb06a65781c727e6d8d5a64a1030533aacab590ea382f6c0,65c38b2215cc990d86bf5276733461ccf239811d3f99b24f707ed8f47cf32a10,12000000,11885086,,0,304,29,40,67,29,1,False,OPTIMAL,True,False,0.0,0.0,0.0,1103.76,1103.76,False,304,True,20,1,27,,NOT_MEASURED_NATIVE_SOLVER_MEMORY_UNAVAILABLE,2,40001,89772,PASS,
30,5,30,5,A,NORMAL,BASELINE,normal,1.0,1.0,0.25,0.0,NORMAL,20261048,SYNTHETIC_SCENARIO_GENERATOR,SYNTHETIC_ROUTE_EDGES_FOR_STRESS_ONLY,8a4d0c2114dac9cf53127265f5734c8d30db5a18e09b58b392626884f089ceab,777b9c9ab6197938c3000fe7151cdf223ea754ad6512b31d452fbf84df9024a6,9000000,8720105,,0,264,27,29,60,27,3,False,TIME_LIMIT,False,True,6323498254.0,6330403903.0,,2392.23,2392.23,True,0,False,0,0,8,,NOT_MEASURED_NATIVE_SOLVER_MEMORY_UNAVAILABLE,6,121220,272050,PASS,
30,5,30,5,A,NORMAL,TIGHT_MIXED,tight,0.75,0.8,0.5,0.05,NORMAL,20261049,SYNTHETIC_SCENARIO_GENERATOR,SYNTHETIC_ROUTE_EDGES_FOR_STRESS_ONLY,ff40c68eaa2fbbe05b3d177140dff2f9804421c55a589b4a1e59d0e5e3745644,ab4977c6b17d3978c45f5ece6786108c729236b0a6c22a922819aff0116c0de3,2400000,2382508,,0,80,8,9,59,8,22,False,OPTIMAL,True,False,0.0,0.0,0.0,1025.57,1025.57,True,44,True,0,1,15,,NOT_MEASURED_NATIVE_SOLVER_MEMORY_UNAVAILABLE,2,7099,15924,PASS,
30,5,30,5,A,NORMAL,HIGH_POOR,high,0.5,0.4,0.8,0.2,NORMAL,20261050,SYNTHETIC_SCENARIO_GENERATOR,SYNTHETIC_ROUTE_EDGES_FOR_STRESS_ONLY,117f8adbd467cd673e925f5cd27c9d9b6c2cdc58fc60bf20723a9b46b779d472,aa0c3bb376cad7584c335d87afacd53e4ca646c1b9c0970f093848fd4ae44d5d,12000000,11924937,,0,312,30,38,60,30,0,True,OPTIMAL,True,False,0.0,0.0,0.0,1142.13,1142.13,False,174,True,20,3,28,,NOT_MEASURED_NATIVE_SOLVER_MEMORY_UNAVAILABLE,2,32362,72617,PASS,
30,5,30,5,A,NORMAL,ZERO_BUDGET_NO_SUPPLY_LOW_DATA,zero,0.0,0.0,1.0,0.0,NORMAL,20261051,SYNTHETIC_SCENARIO_GENERATOR,SYNTHETIC_ROUTE_EDGES_FOR_STRESS_ONLY,482a6e4e3763ce54251abbfeb9ee3d713216f1bcd6e05659df1ee1ea285d3fa9,78f50b4bbefb7ea1c07e0ce319f85ba15779b4eaa64def77da33317a497d3c4f,0,0,,30,0,0,0,60,0,30,False,OPTIMAL,True,False,0.0,0.0,0.0,1.51,1.51,True,0,False,0,5,30,,NOT_MEASURED_NATIVE_SOLVER_MEMORY_UNAVAILABLE,0,0,0,PASS,
30,5,30,5,A,NORMAL,WRONG_SERVICE_REMOTE_EQUAL_DEMAND,normal,1.0,1.0,0.5,0.05,WRONG_SERVICE_ONLY,20261052,SYNTHETIC_SCENARIO_GENERATOR,SYNTHETIC_ROUTE_EDGES_FOR_STRESS_ONLY,ec109bbb191e0852e3e6c0a06638fb88e1c475dd4e0e07f1103e300e5af14ce1,317ceb42ef535ce4e4374c9d67a5019f921673603becdc1f9ada24d31f3205fe,9000000,0,,30,0,0,0,30,0,30,False,OPTIMAL,True,False,0.0,0.0,0.0,1.28,1.28,True,44,True,0,0,19,,NOT_MEASURED_NATIVE_SOLVER_MEMORY_UNAVAILABLE,0,0,0,PASS,
30,5,30,5,A,NORMAL,MASS_PROVIDER_DECLINE_REMOTE,tight,0.2,0.2,0.75,0.1,NORMAL,20261053,SYNTHETIC_SCENARIO_GENERATOR,SYNTHETIC_ROUTE_EDGES_FOR_STRESS_ONLY,01f1e7a63be585d57828880d0ca5a086e286b621d7452bf16b6b9bcc90b07bbf,a3c9a71cab81d4b4fcd5aed158a3760843cb8843e5b963a3364f822627e4a8dd,2400000,2358075,,6,84,7,8,58,7,23,False,OPTIMAL,True,False,0.0,0.0,0.0,1017.03,1017.03,False,87,True,12,4,19,,NOT_MEASURED_NATIVE_SOLVER_MEMORY_UNAVAILABLE,1,15212,34131,PASS,
30,5,30,5,A,NORMAL,HOME_REPAIR_HIGH_UNIT_COST,tight,0.5,0.4,0.5,0.05,HOME_REPAIR_ONLY,20261054,SYNTHETIC_SCENARIO_GENERATOR,SYNTHETIC_ROUTE_EDGES_FOR_STRESS_ONLY,8b39f5376eb0e484b1c85f95acd02e9db4e11594f603fd10315e15d240a375f4,ea15134528ea90b8a58631beffc84451d5a99470e552216a97922a4383211315,2400000,1243379,,18,8,1,1,58,1,29,False,OPTIMAL,True,False,0.0,0.0,0.0,9.67,9.67,True,44,True,0,3,15,,NOT_MEASURED_NATIVE_SOLVER_MEMORY_UNAVAILABLE,0,0,0,PASS,
30,5,30,5,A,NORMAL,HUB_COMPATIBLE_DAILY_SERVICE,normal,0.75,0.8,0.35,0.0,HUB_COMPATIBLE_DAILY_SERVICE,20261055,SYNTHETIC_SCENARIO_GENERATOR,SYNTHETIC_ROUTE_EDGES_FOR_STRESS_ONLY,87b4baf0fb4a31b28d76e985545fae378c26efcb18a205bf9db093ba3baa52b6,da84a5415c3b635b5439ce882fa6f45005830dd88da43a8bc0a7f9be7111bae8,9000000,8684260,,0,288,29,32,54,29,1,False,OPTIMAL,True,False,0.0,0.0,0.0,1191.45,1191.45,True,0,False,0,1,14,,NOT_MEASURED_NATIVE_SOLVER_MEMORY_UNAVAILABLE,6,130676,293257,PASS,
30,5,30,5,A,NORMAL,ROUTE_LOSS_STALE_LOW_DATA,high,0.5,0.4,0.95,0.35,NORMAL,20261056,SYNTHETIC_SCENARIO_GENERATOR,SYNTHETIC_ROUTE_EDGES_FOR_STRESS_ONLY,46eb6062e3ee83cb9b2b00ee8e07334ff0af9a7eb101fdab8cc6d61374bcfcb4,771611256ccdc0c784c05eb60c1ad99510d2894b130ebcea4f118a93571bac75,12000000,11993227,,0,300,29,39,53,29,1,False,OPTIMAL,True,False,0.0,0.0,0.0,1076.16,1076.16,False,304,True,20,3,29,,NOT_MEASURED_NATIVE_SOLVER_MEMORY_UNAVAILABLE,0,0,0,PASS,
30,10,30,10,A,NORMAL,BASELINE,normal,1.0,1.0,0.25,0.0,NORMAL,20261057,SYNTHETIC_SCENARIO_GENERATOR,SYNTHETIC_ROUTE_EDGES_FOR_STRESS_ONLY,e6c28f6e7f60357259e493fff6c280725ea76cdb9856624100c8ca164aaf0342,c15fc3071bd619a373751f5a26ba771b2241ab5b4a8cbd4d5deb658b39997c8c,9000000,8673226,,0,232,29,29,61,29,1,False,FEASIBLE,False,False,6399685836.0,6406465236.0,,2505.36,2505.36,True,0,False,0,0,9,,NOT_MEASURED_NATIVE_SOLVER_MEMORY_UNAVAILABLE,8,135620,304359,PASS,
30,10,30,10,A,NORMAL,TIGHT_MIXED,tight,0.75,0.8,0.5,0.05,NORMAL,20261058,SYNTHETIC_SCENARIO_GENERATOR,SYNTHETIC_ROUTE_EDGES_FOR_STRESS_ONLY,26d56d73c7e99ffe59ec83559421b036b1f6f3709314d9ae52b57e50bc513195,99fd4de2d88193f254fca94d0e7532db21234cff31bda33b897205b7e672ba04,2400000,2337896,,0,80,8,9,56,8,22,False,FEASIBLE,False,False,2048225659.0,2048225659.0,,1055.78,1055.78,False,44,True,12,2,17,,NOT_MEASURED_NATIVE_SOLVER_MEMORY_UNAVAILABLE,3,17391,39023,PASS,
30,10,30,10,A,NORMAL,HIGH_POOR,high,0.5,0.5,0.8,0.2,NORMAL,20261059,SYNTHETIC_SCENARIO_GENERATOR,SYNTHETIC_ROUTE_EDGES_FOR_STRESS_ONLY,96aabb3c23f8080fc705d870b88b1f08e2b47d77a9ef1e6d186feb4788159f08,37c34d5c129abd3bfba5f6fa098274a2699446f995664d5a1c0dc40dca1a30e6,12000000,11871393,,0,260,30,40,58,30,0,True,OPTIMAL,True,False,0.0,0.0,0.0,1216.61,1216.61,False,174,True,44,5,26,,NOT_MEASURED_NATIVE_SOLVER_MEMORY_UNAVAILABLE,3,56853,127590,PASS,
30,10,30,10,A,NORMAL,ZERO_BUDGET_NO_SUPPLY_LOW_DATA,zero,0.0,0.0,1.0,0.0,NORMAL,20261060,SYNTHETIC_SCENARIO_GENERATOR,SYNTHETIC_ROUTE_EDGES_FOR_STRESS_ONLY,fc0771d7bf1167606eea29e341abafb12ebacf4acb51af74dc931d5a538e2825,eebff72d3b7626a1235b3600f0d16ce08cdd56817eb7cd695684cc40508dd00a,0,0,,30,0,0,0,58,0,30,False,OPTIMAL,True,False,0.0,0.0,0.0,1.39,1.39,True,0,False,0,10,30,,NOT_MEASURED_NATIVE_SOLVER_MEMORY_UNAVAILABLE,0,0,0,PASS,
30,10,30,10,A,NORMAL,WRONG_SERVICE_REMOTE_EQUAL_DEMAND,normal,1.0,1.0,0.5,0.05,WRONG_SERVICE_ONLY,20261061,SYNTHETIC_SCENARIO_GENERATOR,SYNTHETIC_ROUTE_EDGES_FOR_STRESS_ONLY,7bc78131de1fe185a5d552e4feda73fdf141ed799e050bab6b9fd293c78ec794,712724c385e3d531cb5b3601ddd9c5f770f89d022e15b4969bee07dc03c6ed71,9000000,0,,30,0,0,0,30,0,30,False,OPTIMAL,True,False,0.0,0.0,0.0,1.28,1.28,True,44,True,0,0,18,,NOT_MEASURED_NATIVE_SOLVER_MEMORY_UNAVAILABLE,0,0,0,PASS,
30,10,30,10,A,NORMAL,MASS_PROVIDER_DECLINE_REMOTE,tight,0.2,0.2,0.75,0.1,NORMAL,20261062,SYNTHETIC_SCENARIO_GENERATOR,SYNTHETIC_ROUTE_EDGES_FOR_STRESS_ONLY,aa43088e94e983e0cd9d2a5ea15ae8cef4e711a46351287d6d1d65937ee44b2a,10d65328cfd1fb027553e4c1473bd3fc6f7deec202f7dd5fe9f7036655e8efdf,2400000,2374443,,0,80,8,8,55,8,22,False,OPTIMAL,True,False,0.0,0.0,0.0,1016.18,1016.18,True,87,True,0,8,21,,NOT_MEASURED_NATIVE_SOLVER_MEMORY_UNAVAILABLE,2,10603,23790,PASS,
30,10,30,10,A,NORMAL,HOME_REPAIR_HIGH_UNIT_COST,tight,0.5,0.5,0.5,0.05,HOME_REPAIR_ONLY,20261063,SYNTHETIC_SCENARIO_GENERATOR,SYNTHETIC_ROUTE_EDGES_FOR_STRESS_ONLY,f752784eac147a4532a885ff549409ee266248f9aebd515eaa1eda2cd1170b9e,09f600f121c5bfd894e85e28d1546251672d7dede0d240b35c90c8902c035e0a,2400000,1255597,,6,8,1,1,65,1,29,False,OPTIMAL,True,False,0.0,0.0,0.0,560.15,560.15,True,44,True,0,5,15,,NOT_MEASURED_NATIVE_SOLVER_MEMORY_UNAVAILABLE,0,0,0,PASS,
30,10,30,10,A,NORMAL,HUB_COMPATIBLE_DAILY_SERVICE,normal,0.75,0.8,0.35,0.0,HUB_COMPATIBLE_DAILY_SERVICE,20261064,SYNTHETIC_SCENARIO_GENERATOR,SYNTHETIC_ROUTE_EDGES_FOR_STRESS_ONLY,534948f422a2785aae4a8232f537e809cc03ffa0dfbc41a39d1064e043c6291e,c45a6087eea0b77fa1965a7870a51b37ca928209cbfad2f1c7d6dd3738b98dff,9000000,8839813,,0,244,29,33,55,29,1,False,FEASIBLE,False,False,7183511352.0,7401478384.0,,2507.93,2507.93,True,0,False,0,2,9,,NOT_MEASURED_NATIVE_SOLVER_MEMORY_UNAVAILABLE,6,59923,134456,PASS,
30,10,30,10,A,NORMAL,ROUTE_LOSS_STALE_LOW_DATA,high,0.5,0.5,0.95,0.35,NORMAL,20261065,SYNTHETIC_SCENARIO_GENERATOR,SYNTHETIC_ROUTE_EDGES_FOR_STRESS_ONLY,3e067e22653d27141921be81cbe96eb6983afa5cdafbd1739a43dd8c81dd950e,b299f885aaf213b8a8509e1e1a1d48621934793957454c60d50551b28cec822a,12000000,11981516,,0,248,29,41,62,29,1,False,OPTIMAL,True,False,0.0,0.0,0.0,1074.66,1074.66,False,304,True,44,5,29,,NOT_MEASURED_NATIVE_SOLVER_MEMORY_UNAVAILABLE,0,0,0,PASS,
30,20,30,20,A,NORMAL,BASELINE,normal,1.0,1.0,0.25,0.0,NORMAL,20261066,SYNTHETIC_SCENARIO_GENERATOR,SYNTHETIC_ROUTE_EDGES_FOR_STRESS_ONLY,5cd820c906b19709db61a9de5f2a49a46abc22ad9ca8e6f6e6f7d6f135c86f20,361f54f655b1ebd34ec7c186ffedfb6a322296731ba381688e41374f8e7c7170,9000000,8723231,,0,224,28,30,61,28,2,False,TIME_LIMIT,False,True,6395214206.0,6395242896.0,,2507.64,2507.64,True,0,False,0,0,8,,NOT_MEASURED_NATIVE_SOLVER_MEMORY_UNAVAILABLE,8,121620,272927,PASS,
30,20,30,20,A,NORMAL,TIGHT_MIXED,tight,0.75,0.75,0.5,0.05,NORMAL,20261067,SYNTHETIC_SCENARIO_GENERATOR,SYNTHETIC_ROUTE_EDGES_FOR_STRESS_ONLY,a5603348df80d13ca457a3b8ecf953aace8bff892f3d041c8b76ab2ff31d15e8,ee07d768e75d99797f5d6d9a9595222926a05ac2d5f26edac956b30f97a2e111,2400000,2312406,,0,80,8,8,62,8,22,False,FEASIBLE,False,False,1925398820.0,1925398820.0,,1049.77,1049.77,False,44,True,12,5,15,,NOT_MEASURED_NATIVE_SOLVER_MEMORY_UNAVAILABLE,2,32141,72131,PASS,
30,20,30,20,A,NORMAL,HIGH_POOR,high,0.5,0.5,0.8,0.2,NORMAL,20261068,SYNTHETIC_SCENARIO_GENERATOR,SYNTHETIC_ROUTE_EDGES_FOR_STRESS_ONLY,6c74d4ee3f841700d01819fc8eebc10e09353878bcbeabc8b6655d2c3d2ce850,8ee7a8e9ff88813486d20facc1b46dd5a1d41ff6e8b52c3d2183c7238b91f5d1,12000000,11888809,,0,268,30,42,63,30,0,True,OPTIMAL,True,False,0.0,0.0,0.0,1158.9,1158.9,False,174,True,64,10,26,,NOT_MEASURED_NATIVE_SOLVER_MEMORY_UNAVAILABLE,4,46419,104171,PASS,
30,20,30,20,A,NORMAL,ZERO_BUDGET_NO_SUPPLY_LOW_DATA,zero,0.0,0.0,1.0,0.0,NORMAL,20261069,SYNTHETIC_SCENARIO_GENERATOR,SYNTHETIC_ROUTE_EDGES_FOR_STRESS_ONLY,5172dbd42d72a39be8529873aa8fb36c5e42465bd0fbffaeac57d4855ffc4585,2bc45331d03552674290282e3008fa03620d5f070a5176d6b3c1c87753aff49d,0,0,,30,0,0,0,50,0,30,False,OPTIMAL,True,False,0.0,0.0,0.0,1.73,1.73,True,0,False,0,20,30,,NOT_MEASURED_NATIVE_SOLVER_MEMORY_UNAVAILABLE,0,0,0,PASS,
30,20,30,20,A,NORMAL,WRONG_SERVICE_REMOTE_EQUAL_DEMAND,normal,1.0,1.0,0.5,0.05,WRONG_SERVICE_ONLY,20261070,SYNTHETIC_SCENARIO_GENERATOR,SYNTHETIC_ROUTE_EDGES_FOR_STRESS_ONLY,4e707133362ec1436bb973515200f72788058397c3b464c6264bb9e44d30d739,1928de1ebc4d6a22ef10c09dcacc145f8d94c24edcecc2349570ec4997e05198,9000000,0,,30,0,0,0,30,0,30,False,OPTIMAL,True,False,0.0,0.0,0.0,1.42,1.42,True,44,True,0,0,11,,NOT_MEASURED_NATIVE_SOLVER_MEMORY_UNAVAILABLE,0,0,0,PASS,
30,20,30,20,A,NORMAL,MASS_PROVIDER_DECLINE_REMOTE,tight,0.2,0.2,0.75,0.1,NORMAL,20261071,SYNTHETIC_SCENARIO_GENERATOR,SYNTHETIC_ROUTE_EDGES_FOR_STRESS_ONLY,2d89b5a27e3cbf81d24a53092792c5508454ec9b8a36b3207a180d7a8c094523,d0d01a164df8676f6f9bdaa6ad38a6b5288d8cf9b873d41514e0b820e7ac8512,2400000,2345927,,6,64,8,8,56,8,22,False,OPTIMAL,True,False,0.0,0.0,0.0,1013.22,1013.22,False,87,True,8,16,19,,NOT_MEASURED_NATIVE_SOLVER_MEMORY_UNAVAILABLE,2,23573,52902,PASS,
30,20,30,20,A,NORMAL,HOME_REPAIR_HIGH_UNIT_COST,tight,0.5,0.5,0.5,0.05,HOME_REPAIR_ONLY,20261072,SYNTHETIC_SCENARIO_GENERATOR,SYNTHETIC_ROUTE_EDGES_FOR_STRESS_ONLY,7863de0350816257ab3954010aefc866c733b792a1bfabef67d2eb26a2f2a545,d26d2fc05f9925bd800fc5a0ec81d863e4326d89b06300c2040100b9dd6f4771,2400000,1334768,,18,8,1,1,62,1,29,False,OPTIMAL,True,False,0.0,0.0,0.0,124.15,124.15,True,44,True,0,10,8,,NOT_MEASURED_NATIVE_SOLVER_MEMORY_UNAVAILABLE,0,0,0,PASS,
30,20,30,20,A,NORMAL,HUB_COMPATIBLE_DAILY_SERVICE,normal,0.75,0.75,0.35,0.0,HUB_COMPATIBLE_DAILY_SERVICE,20261073,SYNTHETIC_SCENARIO_GENERATOR,SYNTHETIC_ROUTE_EDGES_FOR_STRESS_ONLY,e8937553cc2d2a6fa7ab4456c31e27801098e9a68204d71839ce2a7e9e555338,b4d9f54315613ae553c5a18a68b24a62b0178b572cd52dd14bf134a8542dcd3f,9000000,8803324,,0,252,30,36,61,29,1,False,TIME_LIMIT,False,True,7119739206.0,7146863531.0,,2506.59,2506.59,True,0,False,0,5,11,,NOT_MEASURED_NATIVE_SOLVER_MEMORY_UNAVAILABLE,5,81247,182302,PASS,
30,20,30,20,A,NORMAL,ROUTE_LOSS_STALE_LOW_DATA,high,0.5,0.5,0.95,0.35,NORMAL,20261074,SYNTHETIC_SCENARIO_GENERATOR,SYNTHETIC_ROUTE_EDGES_FOR_STRESS_ONLY,41ad81c59e553de43b38e5ec0f1caeff04fff378b7feaa713f0b6cd168e859ce,014a2b0d5c4315bbd03070dd326bf54d0b25ed6daee81e56389f8d1705c25f98,12000000,11974807,,0,260,29,41,61,29,1,False,OPTIMAL,True,False,0.0,0.0,0.0,1080.94,1080.94,False,304,True,60,10,30,,NOT_MEASURED_NATIVE_SOLVER_MEMORY_UNAVAILABLE,2,6217,13951,PASS,
50,3,50,3,A,NORMAL,BASELINE,normal,1.0,1.0,0.25,0.0,NORMAL,20261075,SYNTHETIC_SCENARIO_GENERATOR,SYNTHETIC_ROUTE_EDGES_FOR_STRESS_ONLY,d0c676ded01deedfc8225bc6c7e4733fd826b71af2413be55b9ba7f21d9da6ca,e3e3837ec9e1ae274fc25c9b8c9dfdb75f175c83565822fc23ad67e5476caebd,15000000,14572463,,0,428,42,49,99,42,8,False,FEASIBLE,False,False,6171156984.0,6364242148.0,,2506.97,2506.97,True,0,False,0,0,16,,NOT_MEASURED_NATIVE_SOLVER_MEMORY_UNAVAILABLE,11,186037,417482,PASS,
50,3,50,3,A,NORMAL,TIGHT_MIXED,tight,0.75,0.6667,0.5,0.05,NORMAL,20261076,SYNTHETIC_SCENARIO_GENERATOR,SYNTHETIC_ROUTE_EDGES_FOR_STRESS_ONLY,0551e3048a35a4f7465a0ee2493a2ce289e198019f6b01c714e68bdf82f9f0cd,6449ee2c0c663db45f6d135513748a335b6860433b7cccc6aa2207c8b1dc81d1,4000000,3849562,,14,136,14,14,93,14,36,False,OPTIMAL,True,False,0.0,0.0,0.0,1031.48,1031.48,False,122,True,8,1,23,,NOT_MEASURED_NATIVE_SOLVER_MEMORY_UNAVAILABLE,2,63390,142261,PASS,
50,3,50,3,A,NORMAL,HIGH_POOR,high,0.5,0.6667,0.8,0.2,NORMAL,20261077,SYNTHETIC_SCENARIO_GENERATOR,SYNTHETIC_ROUTE_EDGES_FOR_STRESS_ONLY,f3e09e65fcb35f76f18b3bda5d3b8951c19b32e8cdbe18e0c7d39d2b451582b5,9e871da38e3e96297c0fafe9776d48b6374c56467857e2b880e6c8e84e51f030,20000000,15509498,,14,384,30,57,104,30,20,False,FEASIBLE,False,False,5654405973.0,6629654022.0,,2504.06,2504.06,False,490,True,20,1,44,,NOT_MEASURED_NATIVE_SOLVER_MEMORY_UNAVAILABLE,3,44970,100905,PASS,
50,3,50,3,A,NORMAL,ZERO_BUDGET_NO_SUPPLY_LOW_DATA,zero,0.0,0.0,1.0,0.0,NORMAL,20261078,SYNTHETIC_SCENARIO_GENERATOR,SYNTHETIC_ROUTE_EDGES_FOR_STRESS_ONLY,3b212e905b1418b56228143320c9a65e3f4f33c11cbee27c171a023dc1517ae1,7053c63d086cacba1dbc58f0ef543c52d6493eb6b609d84f6f727851809b9ea4,0,0,,50,0,0,0,110,0,50,False,OPTIMAL,True,False,0.0,0.0,0.0,1.67,1.67,True,0,False,0,3,50,,NOT_MEASURED_NATIVE_SOLVER_MEMORY_UNAVAILABLE,0,0,0,PASS,
50,3,50,3,A,NORMAL,WRONG_SERVICE_REMOTE_EQUAL_DEMAND,normal,1.0,1.0,0.5,0.05,WRONG_SERVICE_ONLY,20261079,SYNTHETIC_SCENARIO_GENERATOR,SYNTHETIC_ROUTE_EDGES_FOR_STRESS_ONLY,0659363b59207fa4001a6153a42d0e80f6e50ed01d49ba9bfa2157b785f13cc9,c00259d16d68dcede5c29c37f1f25201ecd531c2cbd30598fcc0e6036e15741f,15000000,0,,50,0,0,0,50,0,50,False,OPTIMAL,True,False,0.0,0.0,0.0,1.75,1.75,True,122,True,0,0,19,,NOT_MEASURED_NATIVE_SOLVER_MEMORY_UNAVAILABLE,0,0,0,PASS,
50,3,50,3,A,NORMAL,MASS_PROVIDER_DECLINE_REMOTE,tight,0.2,0.3333,0.75,0.1,NORMAL,20261080,SYNTHETIC_SCENARIO_GENERATOR,SYNTHETIC_ROUTE_EDGES_FOR_STRESS_ONLY,a5de747bf3ed9a3c598f1c14f09d8bd95fa55ad539e3ab47603b6984ec39500b,2ab5a7f4eefab404637403b58692f35b58c15664e108706cc2956d2350bafbe5,4000000,3994878,,26,168,14,14,102,14,36,False,OPTIMAL,True,False,0.0,0.0,0.0,1035.37,1035.37,False,245,True,12,2,37,,NOT_MEASURED_NATIVE_SOLVER_MEMORY_UNAVAILABLE,0,0,0,PASS,
50,3,50,3,A,NORMAL,HOME_REPAIR_HIGH_UNIT_COST,tight,0.5,0.6667,0.5,0.05,HOME_REPAIR_ONLY,20261081,SYNTHETIC_SCENARIO_GENERATOR,SYNTHETIC_ROUTE_EDGES_FOR_STRESS_ONLY,8a811c8e1bdb4a0004d7794298908bed0c8049b41e593ec4afec3ec7689bbcc5,2aead98f943a1b829bcc8cb527a8f2584d89d08dc21549b16200dfd1cfe8d06f,4000000,3830748,,38,24,3,3,109,3,47,False,OPTIMAL,True,False,0.0,0.0,0.0,966.37,966.37,True,122,True,0,1,29,,NOT_MEASURED_NATIVE_SOLVER_MEMORY_UNAVAILABLE,1,1960,4400,PASS,
50,3,50,3,A,NORMAL,HUB_COMPATIBLE_DAILY_SERVICE,normal,0.75,0.6667,0.35,0.0,HUB_COMPATIBLE_DAILY_SERVICE,20261082,SYNTHETIC_SCENARIO_GENERATOR,SYNTHETIC_ROUTE_EDGES_FOR_STRESS_ONLY,fbf39d1f5baec45013465d35255c0fff225f2894fe5e04f28fd564731e7aed75,ab7c04ac52f08a685289f77bd703b3e8374964c8652fd77a762438534f111e9c,15000000,10154078,,14,384,30,41,88,30,20,False,FEASIBLE,False,False,5245159523.0,6667783861.0,,2518.91,2518.91,True,0,False,0,1,18,,NOT_MEASURED_NATIVE_SOLVER_MEMORY_UNAVAILABLE,5,154045,345694,PASS,
50,3,50,3,A,NORMAL,ROUTE_LOSS_STALE_LOW_DATA,high,0.5,0.6667,0.95,0.35,NORMAL,20261083,SYNTHETIC_SCENARIO_GENERATOR,SYNTHETIC_ROUTE_EDGES_FOR_STRESS_ONLY,72dcb6447d81ea7c59c00ba1f9ca603f5f898a37a929085fa620be40df6365a6,cc4a8082650b40ec4c3cb29dbf3bdac46b53ea5ec352844b59ce525538c986a1,20000000,17338482,,14,384,29,62,106,29,21,False,FEASIBLE,False,False,5763080222.0,6136746675.0,,2504.15,2504.15,False,858,True,20,1,47,,NOT_MEASURED_NATIVE_SOLVER_MEMORY_UNAVAILABLE,3,24996,56095,PASS,
50,5,50,5,A,NORMAL,BASELINE,normal,1.0,1.0,0.25,0.0,NORMAL,20261084,SYNTHETIC_SCENARIO_GENERATOR,SYNTHETIC_ROUTE_EDGES_FOR_STRESS_ONLY,a8476aa89095fa03b45d266bdced8f8089464742e2a0c99faff6a513d9c7603f,7bd82bec6677e616b5c35e1f51779bf8a0bbf7fa7c19cbf0f55f9275939926b7,15000000,14715034,,0,448,49,50,105,49,1,False,OPTIMAL,True,False,0.0,0.0,0.0,1133.24,1133.24,True,0,False,0,0,16,,NOT_MEASURED_NATIVE_SOLVER_MEMORY_UNAVAILABLE,6,125603,281850,PASS,
50,5,50,5,A,NORMAL,TIGHT_MIXED,tight,0.75,0.8,0.5,0.05,NORMAL,20261085,SYNTHETIC_SCENARIO_GENERATOR,SYNTHETIC_ROUTE_EDGES_FOR_STRESS_ONLY,e803c62531e709b006148c03123e9426d24d953817d4d81829924eb772d66931,8c323812a30dfc4ac5067dd5906bf68d9270a1ec8ebb5dfbafccfed4c7d8e13e,4000000,3962506,,2,140,15,15,105,15,35,False,OPTIMAL,True,False,0.0,0.0,0.0,1030.0,1030.0,False,122,True,20,1,32,,NOT_MEASURED_NATIVE_SOLVER_MEMORY_UNAVAILABLE,1,15790,35427,PASS,
50,5,50,5,A,NORMAL,HIGH_POOR,high,0.5,0.4,0.8,0.2,NORMAL,20261086,SYNTHETIC_SCENARIO_GENERATOR,SYNTHETIC_ROUTE_EDGES_FOR_STRESS_ONLY,675dc5cfc88ae94e96322d5e41bae60012ad12a6f53b4c982b877a109f7d5c2b,399bfbb52bf4783bc6ca1fa7b84a6b35f96578e28a0b584859937899495d1635,20000000,13653084,,14,384,30,49,99,30,20,False,FEASIBLE,False,False,5341987011.0,6540727045.0,,2504.73,2504.73,False,490,True,20,3,43,,NOT_MEASURED_NATIVE_SOLVER_MEMORY_UNAVAILABLE,3,28169,63210,PASS,
50,5,50,5,A,NORMAL,ZERO_BUDGET_NO_SUPPLY_LOW_DATA,zero,0.0,0.0,1.0,0.0,NORMAL,20261087,SYNTHETIC_SCENARIO_GENERATOR,SYNTHETIC_ROUTE_EDGES_FOR_STRESS_ONLY,52a9dcdaa3351d84007f1f1566475f5ca2b0f93f176d37a4b17969a78628d3d1,ced9d1e4bd02af24f4610c3c7544f7f2973ba29b70746f62f5aeb284dc969d9c,0,0,,50,0,0,0,91,0,50,False,OPTIMAL,True,False,0.0,0.0,0.0,1.71,1.71,True,0,False,0,5,50,,NOT_MEASURED_NATIVE_SOLVER_MEMORY_UNAVAILABLE,0,0,0,PASS,
50,5,50,5,A,NORMAL,WRONG_SERVICE_REMOTE_EQUAL_DEMAND,normal,1.0,1.0,0.5,0.05,WRONG_SERVICE_ONLY,20261088,SYNTHETIC_SCENARIO_GENERATOR,SYNTHETIC_ROUTE_EDGES_FOR_STRESS_ONLY,833b2a6d43b6de2e840f4acfb56b2a1e9432ee5d5fbab0340fbd783b2c589cff,3204a1b1f8a53d9d99f2bab026012f68df129b2c2f9005784ba7c31f4d87092c,15000000,0,,50,0,0,0,50,0,50,False,OPTIMAL,True,False,0.0,0.0,0.0,1.51,1.51,True,122,True,0,0,23,,NOT_MEASURED_NATIVE_SOLVER_MEMORY_UNAVAILABLE,0,0,0,PASS,
50,5,50,5,A,NORMAL,MASS_PROVIDER_DECLINE_REMOTE,tight,0.2,0.2,0.75,0.1,NORMAL,20261089,SYNTHETIC_SCENARIO_GENERATOR,SYNTHETIC_ROUTE_EDGES_FOR_STRESS_ONLY,260404a80af37a390dfda134a846bcb9b39b15074ed12b73d547b0f7ed2def18,cba505cb903917178edb9831b2a025f0d9020d0124a4cd1ec3996d7799b8efd7,4000000,3970627,,26,168,14,14,97,14,36,False,OPTIMAL,True,False,0.0,0.0,0.0,1036.22,1036.22,False,245,True,12,4,39,,NOT_MEASURED_NATIVE_SOLVER_MEMORY_UNAVAILABLE,2,10947,24565,PASS,
50,5,50,5,A,NORMAL,HOME_REPAIR_HIGH_UNIT_COST,tight,0.5,0.4,0.5,0.05,HOME_REPAIR_ONLY,20261090,SYNTHETIC_SCENARIO_GENERATOR,SYNTHETIC_ROUTE_EDGES_FOR_STRESS_ONLY,0b77db5ebe2c11112de40034be3c083e7365797df440620451e4f785306536b0,38139082034e2701912d2735f4f637c0d09919b4910f335b48a682323948e73d,4000000,3917513,,38,24,3,3,103,3,47,False,OPTIMAL,True,False,0.0,0.0,0.0,989.84,989.84,True,122,True,0,3,27,,NOT_MEASURED_NATIVE_SOLVER_MEMORY_UNAVAILABLE,1,27693,62152,PASS,
50,5,50,5,A,NORMAL,HUB_COMPATIBLE_DAILY_SERVICE,normal,0.75,0.8,0.35,0.0,HUB_COMPATIBLE_DAILY_SERVICE,20261091,SYNTHETIC_SCENARIO_GENERATOR,SYNTHETIC_ROUTE_EDGES_FOR_STRESS_ONLY,b0918d46e3f40d3fade850daff076e96e70af3fe602d7bcf5593caffc562be9d,1d11d8f122ff0b38cc1265a5a36e04235738e04cc07c7dcbca8de5a2fbe5052f,15000000,14065285,,0,468,46,55,103,46,4,False,FEASIBLE,False,False,6628777880.0,6718543132.0,,2504.12,2504.12,True,0,False,0,1,17,,NOT_MEASURED_NATIVE_SOLVER_MEMORY_UNAVAILABLE,10,411850,924263,PASS,
50,5,50,5,A,NORMAL,ROUTE_LOSS_STALE_LOW_DATA,high,0.5,0.4,0.95,0.35,NORMAL,20261092,SYNTHETIC_SCENARIO_GENERATOR,SYNTHETIC_ROUTE_EDGES_FOR_STRESS_ONLY,eba2a5a61d614f6a80df9d189440de7b1a24a3425260098571d6bfa307997315,0d157cfa87ccb78391dcb1b5ee8eb45ea8219fbff11929d873c27dedbf63b180,20000000,16731642,,14,384,29,60,102,29,21,False,FEASIBLE,False,False,5805487952.0,6490193620.0,,2504.14,2504.14,False,858,True,20,3,48,,NOT_MEASURED_NATIVE_SOLVER_MEMORY_UNAVAILABLE,2,18376,41238,PASS,
50,10,50,10,A,NORMAL,BASELINE,normal,1.0,1.0,0.25,0.0,NORMAL,20261093,SYNTHETIC_SCENARIO_GENERATOR,SYNTHETIC_ROUTE_EDGES_FOR_STRESS_ONLY,9ef92eed7526277499bf4c0f71302b2319fac0179483788da88ad1800ce49c9b,c1221668754d1984145cba23089d7d2c2ac892d17c8384295e2cdd5b7a4d03ec,15000000,14420483,,0,444,43,44,106,43,7,False,FEASIBLE,False,False,5603159996.0,6298476924.0,,2506.28,2506.28,True,0,False,0,0,11,,NOT_MEASURED_NATIVE_SOLVER_MEMORY_UNAVAILABLE,8,257188,577175,PASS,
50,10,50,10,A,NORMAL,TIGHT_MIXED,tight,0.75,0.8,0.5,0.05,NORMAL,20261094,SYNTHETIC_SCENARIO_GENERATOR,SYNTHETIC_ROUTE_EDGES_FOR_STRESS_ONLY,d7bce115e6634c4dfda49bcdf52584f28ddc9bbc6f7feca01b71a0fc9c128744,e86df5b1e91ffa0c2c0a4c4eaa2e9034a8873522a3a6c5e243efc878ba586eaf,4000000,3958808,,2,140,15,15,101,15,35,False,FEASIBLE,False,False,2073797979.0,2073797979.0,,1129.72,1129.72,False,122,True,20,2,28,,NOT_MEASURED_NATIVE_SOLVER_MEMORY_UNAVAILABLE,2,17219,38649,PASS,
50,10,50,10,A,NORMAL,HIGH_POOR,high,0.5,0.5,0.8,0.2,NORMAL,20261095,SYNTHETIC_SCENARIO_GENERATOR,SYNTHETIC_ROUTE_EDGES_FOR_STRESS_ONLY,e0f9fe137e99b71624bc99cfd2446d5812a498b0437644d0c23c21c476893f83,31b1b7cbf3afd937f19da9c735f337bb4fb3bf988c7854cee808aeef358b76d5,20000000,19728346,,0,440,50,64,97,50,0,True,FEASIBLE,False,False,7753895549.0,8020420676.0,,2507.73,2507.73,False,490,True,44,5,44,,NOT_MEASURED_NATIVE_SOLVER_MEMORY_UNAVAILABLE,5,53812,120753,PASS,
50,10,50,10,A,NORMAL,ZERO_BUDGET_NO_SUPPLY_LOW_DATA,zero,0.0,0.0,1.0,0.0,NORMAL,20261096,SYNTHETIC_SCENARIO_GENERATOR,SYNTHETIC_ROUTE_EDGES_FOR_STRESS_ONLY,52a1e02cbcd380a40db49711d7e9f845d813a3c5c878050f9d25d4e9a297d2cf,243d903a0338ce8714d27b9170a04c3ab8060d9f457dbf7f430bea91adbd2a7b,0,0,,50,0,0,0,110,0,50,False,OPTIMAL,True,False,0.0,0.0,0.0,1.56,1.56,True,0,False,0,10,50,,NOT_MEASURED_NATIVE_SOLVER_MEMORY_UNAVAILABLE,0,0,0,PASS,
50,10,50,10,A,NORMAL,WRONG_SERVICE_REMOTE_EQUAL_DEMAND,normal,1.0,1.0,0.5,0.05,WRONG_SERVICE_ONLY,20261097,SYNTHETIC_SCENARIO_GENERATOR,SYNTHETIC_ROUTE_EDGES_FOR_STRESS_ONLY,b99c63a7b9ffc40e761a485db705b4a13dcff4d3ba78273b6ae2858759e29c82,d5898d37556599e688cee55e46554e51b6d00d3bc5b4e3c66a50b8f3024a047b,15000000,0,,50,0,0,0,50,0,50,False,OPTIMAL,True,False,0.0,0.0,0.0,1.58,1.58,True,122,True,0,0,22,,NOT_MEASURED_NATIVE_SOLVER_MEMORY_UNAVAILABLE,0,0,0,PASS,
50,10,50,10,A,NORMAL,MASS_PROVIDER_DECLINE_REMOTE,tight,0.2,0.2,0.75,0.1,NORMAL,20261098,SYNTHETIC_SCENARIO_GENERATOR,SYNTHETIC_ROUTE_EDGES_FOR_STRESS_ONLY,1f8068147294eef8d1a99d32a3ec876f1521899d58324a70f087bab91c3f0e77,76dd4e8cc5d751911d28c85c87a77fef96c3a84358e941598fe991577668df3a,4000000,3940255,,14,140,14,14,97,14,36,False,OPTIMAL,True,False,0.0,0.0,0.0,1032.4,1032.4,False,245,True,20,8,35,,NOT_MEASURED_NATIVE_SOLVER_MEMORY_UNAVAILABLE,2,19417,43567,PASS,
50,10,50,10,A,NORMAL,HOME_REPAIR_HIGH_UNIT_COST,tight,0.5,0.5,0.5,0.05,HOME_REPAIR_ONLY,20261099,SYNTHETIC_SCENARIO_GENERATOR,SYNTHETIC_ROUTE_EDGES_FOR_STRESS_ONLY,56cb404822ba6ed36d3783d26f6b05f1e1e428dc8938fad8c8fc9bc9caa681ac,4cd97131e052aa3abd0b8551d05e8140511eb1a459ca5d3361588d96f0f24f08,4000000,3837267,,14,24,3,3,106,3,47,False,OPTIMAL,True,False,0.0,0.0,0.0,1017.85,1017.85,True,122,True,0,5,25,,NOT_MEASURED_NATIVE_SOLVER_MEMORY_UNAVAILABLE,0,0,0,PASS,
50,10,50,10,A,NORMAL,HUB_COMPATIBLE_DAILY_SERVICE,normal,0.75,0.8,0.35,0.0,HUB_COMPATIBLE_DAILY_SERVICE,20261100,SYNTHETIC_SCENARIO_GENERATOR,SYNTHETIC_ROUTE_EDGES_FOR_STRESS_ONLY,30adf0dd5a10a18cf827488d5b4f26f54958452886e362b97c79e6f8e874e8ea,7d4355d12515e16014caac257eaf95d0443bea007f2b4a1ab4378039275286f9,15000000,14447498,,0,464,50,56,94,50,0,True,OPTIMAL,True,False,0.0,0.0,0.0,1275.42,1275.42,True,0,False,0,2,18,,NOT_MEASURED_NATIVE_SOLVER_MEMORY_UNAVAILABLE,6,245823,551684,PASS,
50,10,50,10,A,NORMAL,ROUTE_LOSS_STALE_LOW_DATA,high,0.5,0.5,0.95,0.35,NORMAL,20261101,SYNTHETIC_SCENARIO_GENERATOR,SYNTHETIC_ROUTE_EDGES_FOR_STRESS_ONLY,ebe29832550e8631fecff55eaac3e71b9e5e211e2742e4e7f61953d7bea2189c,5743fc8b46563d04aec8e3df264e4ab9d091fd8f662e35dbf85c7be66597fe26,20000000,19721582,,0,412,49,69,108,49,1,False,OPTIMAL,True,False,0.0,0.0,0.0,1185.54,1185.54,False,858,True,44,5,49,,NOT_MEASURED_NATIVE_SOLVER_MEMORY_UNAVAILABLE,6,122066,273937,PASS,
50,20,50,20,A,NORMAL,BASELINE,normal,1.0,1.0,0.25,0.0,NORMAL,20261102,SYNTHETIC_SCENARIO_GENERATOR,SYNTHETIC_ROUTE_EDGES_FOR_STRESS_ONLY,f47258cdbf5d1e6aa2b93170a3d1cc9e5d6b0e1ca7e1ae2ada2206dfc8111c30,63522c77a985262ec8b59187bfdd8b8c9ee09c20e84b498f8a769ef360138e61,15000000,14852502,,0,460,43,48,99,43,7,False,FEASIBLE,False,False,6096994608.0,6607933211.0,,2510.97,2510.97,True,0,False,0,0,13,,NOT_MEASURED_NATIVE_SOLVER_MEMORY_UNAVAILABLE,8,57452,128802,PASS,
50,20,50,20,A,NORMAL,TIGHT_MIXED,tight,0.75,0.75,0.5,0.05,NORMAL,20261103,SYNTHETIC_SCENARIO_GENERATOR,SYNTHETIC_ROUTE_EDGES_FOR_STRESS_ONLY,bb7504009549cec639fa25a1c352f68b4ac87a8bb7dc1a1c874eb84fdc34e33b,48039e0417d29eb60211dfc4f40e54444f9d9d86278865820ac35a169477a579,4000000,3790390,,0,148,14,14,93,14,36,False,FEASIBLE,False,False,2081928828.0,2081928828.0,,2342.86,2342.86,True,122,True,0,5,24,,NOT_MEASURED_NATIVE_SOLVER_MEMORY_UNAVAILABLE,3,93246,209256,PASS,
50,20,50,20,A,NORMAL,HIGH_POOR,high,0.5,0.5,0.8,0.2,NORMAL,20261104,SYNTHETIC_SCENARIO_GENERATOR,SYNTHETIC_ROUTE_EDGES_FOR_STRESS_ONLY,aa82f82b1e4089e7dbfd59e4979d5ed5bc76a0a0201ce0078ce72d5465a4e500,97f3a954122e46feed2608f58b6f805d8ca491f06d190fe1631e575446c11a97,20000000,19902607,,0,416,48,68,108,48,2,False,OPTIMAL,True,False,0.0,0.0,0.0,1430.0,1430.0,False,490,True,80,10,40,,NOT_MEASURED_NATIVE_SOLVER_MEMORY_UNAVAILABLE,3,43328,97226,PASS,
50,20,50,20,A,NORMAL,ZERO_BUDGET_NO_SUPPLY_LOW_DATA,zero,0.0,0.0,1.0,0.0,NORMAL,20261105,SYNTHETIC_SCENARIO_GENERATOR,SYNTHETIC_ROUTE_EDGES_FOR_STRESS_ONLY,c74de887581d20c215e6f1edac7cecbea1aff2e27afcbcd1991c83b51c07eb19,3730c9b954771d79f8d0f69c5a0f4680f076c4b0c02aba0a6d3a7fa515e14f24,0,0,,50,0,0,0,108,0,50,False,OPTIMAL,True,False,0.0,0.0,0.0,1.56,1.56,True,0,False,0,20,50,,NOT_MEASURED_NATIVE_SOLVER_MEMORY_UNAVAILABLE,0,0,0,PASS,
50,20,50,20,A,NORMAL,WRONG_SERVICE_REMOTE_EQUAL_DEMAND,normal,1.0,1.0,0.5,0.05,WRONG_SERVICE_ONLY,20261106,SYNTHETIC_SCENARIO_GENERATOR,SYNTHETIC_ROUTE_EDGES_FOR_STRESS_ONLY,5a3af7c0291a857c23e63509eecc38a427e678eb96542b3c661b204ab91aefa4,e079142bbd6c4dd3fd58d70ba08333315c8828212e343af6293f3be188903106,15000000,0,,50,0,0,0,50,0,50,False,OPTIMAL,True,False,0.0,0.0,0.0,1.47,1.47,True,122,True,0,0,33,,NOT_MEASURED_NATIVE_SOLVER_MEMORY_UNAVAILABLE,0,0,0,PASS,
50,20,50,20,A,NORMAL,MASS_PROVIDER_DECLINE_REMOTE,tight,0.2,0.2,0.75,0.1,NORMAL,20261107,SYNTHETIC_SCENARIO_GENERATOR,SYNTHETIC_ROUTE_EDGES_FOR_STRESS_ONLY,acd3f9ff3dcd7b89c9df87028e863c247472111cf8f142a814082e14148c32ae,d111f4ebff39796aefe6b84f1f5ab5d2a75910f48a02777c60ca8117cd9ca661,4000000,3959807,,0,136,14,15,112,14,36,False,TIME_LIMIT,False,True,1944705136.0,1944711410.0,,2351.73,2351.73,False,245,True,20,16,41,,NOT_MEASURED_NATIVE_SOLVER_MEMORY_UNAVAILABLE,1,15626,35065,PASS,
50,20,50,20,A,NORMAL,HOME_REPAIR_HIGH_UNIT_COST,tight,0.5,0.5,0.5,0.05,HOME_REPAIR_ONLY,20261108,SYNTHETIC_SCENARIO_GENERATOR,SYNTHETIC_ROUTE_EDGES_FOR_STRESS_ONLY,8d361330a3850085d258e9627eee954b59e8a4be735331f45cb12768efd1fb67,ac919bd0a6042fad4ba888b210b4d33aa873968a9b3c7e6341667a72f6ba4b8c,4000000,3923771,,0,28,3,3,95,3,47,False,OPTIMAL,True,False,0.0,0.0,0.0,1010.83,1010.83,True,122,True,0,10,27,,NOT_MEASURED_NATIVE_SOLVER_MEMORY_UNAVAILABLE,0,0,0,PASS,
50,20,50,20,A,NORMAL,HUB_COMPATIBLE_DAILY_SERVICE,normal,0.75,0.75,0.35,0.0,HUB_COMPATIBLE_DAILY_SERVICE,20261109,SYNTHETIC_SCENARIO_GENERATOR,SYNTHETIC_ROUTE_EDGES_FOR_STRESS_ONLY,cf09c7ba1d1fa1fa49c3230114b07a30707b198a11fc00ee1b71559ebc0620c2,b2bf1b73d1c09760cbbf86b983e39a0674d0e8be76cae3e900ca5797de159f26,15000000,13924191,,0,420,43,46,96,43,7,False,FEASIBLE,False,False,6082345565.0,7202048043.0,,2507.39,2507.39,True,0,False,0,5,21,,NOT_MEASURED_NATIVE_SOLVER_MEMORY_UNAVAILABLE,12,238612,535406,PASS,
50,20,50,20,A,NORMAL,ROUTE_LOSS_STALE_LOW_DATA,high,0.5,0.5,0.95,0.35,NORMAL,20261110,SYNTHETIC_SCENARIO_GENERATOR,SYNTHETIC_ROUTE_EDGES_FOR_STRESS_ONLY,8d2c6111bf6b546dbeb480b44de37382dbbf011a820664e4098fc546eda988e8,6765565c03d7624539037c40a6807c0500808a294c03b5dccd7fe6599c752fae,20000000,17354530,,0,432,48,54,97,48,2,False,FEASIBLE,False,False,6866464944.0,7982262746.0,,2507.03,2507.03,False,858,True,88,10,46,,NOT_MEASURED_NATIVE_SOLVER_MEMORY_UNAVAILABLE,4,16331,36635,PASS,
100,3,100,3,A,NORMAL,BASELINE,normal,1.0,1.0,0.25,0.0,NORMAL,20261111,SYNTHETIC_SCENARIO_GENERATOR,SYNTHETIC_ROUTE_EDGES_FOR_STRESS_ONLY,e7d82a1a617177fd87c7cffe180d03718820fd5c592af38de372e87d06a17fa0,af726a20a10653c50745dacba3574144521aadea895a9092b5cd04d8643f1420,30000000,14883628,,40,576,45,52,211,45,55,False,FEASIBLE,False,False,3280843716.0,5218498986.0,,2505.45,2505.45,True,0,False,0,0,31,,NOT_MEASURED_NATIVE_SOLVER_MEMORY_UNAVAILABLE,9,260122,583642,PASS,
100,3,100,3,A,NORMAL,TIGHT_MIXED,tight,0.75,0.6667,0.5,0.05,NORMAL,20261112,SYNTHETIC_SCENARIO_GENERATOR,SYNTHETIC_ROUTE_EDGES_FOR_STRESS_ONLY,cbc2ade3a5ae584d6b7daef3f46fa0706a826a8033bb4ec5d69a01816504c3ff,abd1172ac3342a68d3ec0610da62eca7f14047ec34579e215e946222f078f873,8000000,7987143,,64,296,28,28,200,28,72,False,OPTIMAL,True,False,0.0,0.0,0.0,1062.28,1062.28,False,495,True,20,1,51,,NOT_MEASURED_NATIVE_SOLVER_MEMORY_UNAVAILABLE,1,4126,9254,PASS,
100,3,100,3,A,NORMAL,HIGH_POOR,high,0.5,0.6667,0.8,0.2,NORMAL,20261113,SYNTHETIC_SCENARIO_GENERATOR,SYNTHETIC_ROUTE_EDGES_FOR_STRESS_ONLY,0ec9f879b35f8d09a3d815c6be10b4775707122984b7524fb02100cf482b58b8,b9ba5fd43981bbe573742c174ea9640018276974c2a8bcc6493937dab61a7b3e,40000000,14373987,,64,384,28,47,195,28,72,False,FEASIBLE,False,False,2510997907.0,3812708380.0,,2526.05,2526.05,False,1980,True,20,1,80,,NOT_MEASURED_NATIVE_SOLVER_MEMORY_UNAVAILABLE,7,99894,224186,PASS,
100,3,100,3,A,NORMAL,ZERO_BUDGET_NO_SUPPLY_LOW_DATA,zero,0.0,0.0,1.0,0.0,NORMAL,20261114,SYNTHETIC_SCENARIO_GENERATOR,SYNTHETIC_ROUTE_EDGES_FOR_STRESS_ONLY,64e45b4c59601b08d29875e7d02c052dc33caaf51e9fed6976b3f36dea2b0501,185e8020ba23de5b0019dc9c52f9c72a12cf1b48d6aa905059aaaf9b7c93d111,0,0,,100,0,0,0,194,0,100,False,OPTIMAL,True,False,0.0,0.0,0.0,2.09,2.09,True,0,False,0,3,100,,NOT_MEASURED_NATIVE_SOLVER_MEMORY_UNAVAILABLE,0,0,0,PASS,
100,3,100,3,A,NORMAL,WRONG_SERVICE_REMOTE_EQUAL_DEMAND,normal,1.0,1.0,0.5,0.05,WRONG_SERVICE_ONLY,20261115,SYNTHETIC_SCENARIO_GENERATOR,SYNTHETIC_ROUTE_EDGES_FOR_STRESS_ONLY,97edfc8ec45019d6e1fdbfc9574c1a0c358356afb26017dd23fffcfa45056b2c,e1646f341c23f1890ee20819d2f3ab524df261635c38baa9272cd9968003c2aa,30000000,0,,100,0,0,0,100,0,100,False,OPTIMAL,True,False,0.0,0.0,0.0,2.03,2.03,True,495,True,0,0,60,,NOT_MEASURED_NATIVE_SOLVER_MEMORY_UNAVAILABLE,0,0,0,PASS,
100,3,100,3,A,NORMAL,MASS_PROVIDER_DECLINE_REMOTE,tight,0.2,0.3333,0.75,0.1,NORMAL,20261116,SYNTHETIC_SCENARIO_GENERATOR,SYNTHETIC_ROUTE_EDGES_FOR_STRESS_ONLY,d4932275793914b561265c5861db4d4c34ef754b2db640e04c87f76362b16054,86b82a8194df9baead1b34b89566a2400edc509ecb427272c367d1f4806190a1,8000000,5522429,,76,288,18,20,197,18,82,False,FEASIBLE,False,False,1386873905.0,1738086519.0,,2504.68,2504.68,False,990,True,12,2,70,,NOT_MEASURED_NATIVE_SOLVER_MEMORY_UNAVAILABLE,2,16143,36228,PASS,
100,3,100,3,A,NORMAL,HOME_REPAIR_HIGH_UNIT_COST,tight,0.5,0.6667,0.5,0.05,HOME_REPAIR_ONLY,20261117,SYNTHETIC_SCENARIO_GENERATOR,SYNTHETIC_ROUTE_EDGES_FOR_STRESS_ONLY,60796ac3b76f50b9d3c1ee0980aebbb99588846eec96078d77a5130466cf7b7b,969e5411b08410b1adb65dadb0e7569c8a74d1b6a599cf56b2879795e0cc82b2,8000000,7751862,,88,48,6,6,203,6,94,False,OPTIMAL,True,False,0.0,0.0,0.0,1011.7,1011.7,False,495,True,8,1,54,,NOT_MEASURED_NATIVE_SOLVER_MEMORY_UNAVAILABLE,1,4190,9402,PASS,
100,3,100,3,A,NORMAL,HUB_COMPATIBLE_DAILY_SERVICE,normal,0.75,0.6667,0.35,0.0,HUB_COMPATIBLE_DAILY_SERVICE,20261118,SYNTHETIC_SCENARIO_GENERATOR,SYNTHETIC_ROUTE_EDGES_FOR_STRESS_ONLY,791f9091c2176678f5f83c32d1aefbe7c31a61e4a86bb180c65e47a7f3aff39e,ada87f71c38d4012d01c0e01bd171019122ea003ccd7224bb3f657fea8f6a1a9,30000000,8190182,,64,384,29,29,206,29,71,False,FEASIBLE,False,False,1989620074.0,3821464332.0,,2505.09,2505.09,True,0,False,0,1,28,,NOT_MEASURED_NATIVE_SOLVER_MEMORY_UNAVAILABLE,8,234438,526144,PASS,
100,3,100,3,A,NORMAL,ROUTE_LOSS_STALE_LOW_DATA,high,0.5,0.6667,0.95,0.35,NORMAL,20261119,SYNTHETIC_SCENARIO_GENERATOR,SYNTHETIC_ROUTE_EDGES_FOR_STRESS_ONLY,9ef1f2ce633e10cead94a91eceb33dba32dee52615a4072104a1a9c10e4773d5,3c6185fdcda50273062c995d1f3c1f3ecb1497b1a2e6e1b7e492fc985c277fb4,40000000,13536385,,64,384,29,46,186,29,71,False,FEASIBLE,False,False,2674759026.0,4086650589.0,,2503.61,2503.61,False,3465,True,20,1,94,,NOT_MEASURED_NATIVE_SOLVER_MEMORY_UNAVAILABLE,1,11382,25547,PASS,
100,5,100,5,A,NORMAL,BASELINE,normal,1.0,1.0,0.25,0.0,NORMAL,20261120,SYNTHETIC_SCENARIO_GENERATOR,SYNTHETIC_ROUTE_EDGES_FOR_STRESS_ONLY,19e114642521c0c7bc6c6f2e92ea54c6bdce93bd5cf2309ab723bd395519fc18,d161992c43d93a3530ce9691ebb3cb61f6b63b3de53784cd723a1e738a324696,30000000,20291583,,16,768,70,71,201,70,30,False,FEASIBLE,False,False,4689854817.0,6147498027.0,,2507.95,2507.95,True,0,False,0,0,22,,NOT_MEASURED_NATIVE_SOLVER_MEMORY_UNAVAILABLE,17,511331,1147440,PASS,
100,5,100,5,A,NORMAL,TIGHT_MIXED,tight,0.75,0.8,0.5,0.05,NORMAL,20261121,SYNTHETIC_SCENARIO_GENERATOR,SYNTHETIC_ROUTE_EDGES_FOR_STRESS_ONLY,c9689ba6107ab57828a65d8eeca6449bc1193830310c3474097739743a04ffab,ef6518662a15db03ab87e91cafb25a54e369cd839a712e375a13fcd40cff75ac,8000000,7799849,,28,280,28,29,194,28,72,False,FEASIBLE,False,False,2006466663.0,2035579167.0,,2506.75,2506.75,False,495,True,20,1,51,,NOT_MEASURED_NATIVE_SOLVER_MEMORY_UNAVAILABLE,4,74552,167302,PASS,
100,5,100,5,A,NORMAL,HIGH_POOR,high,0.5,0.4,0.8,0.2,NORMAL,20261122,SYNTHETIC_SCENARIO_GENERATOR,SYNTHETIC_ROUTE_EDGES_FOR_STRESS_ONLY,4ed820e74724a66a9e9b4c0881fcfc8545783a5c8da7357fd99cfd0ed3555cf5,ab0a1a8389e556f765c4a87b618c7b116ec03dab999e3e16082019c44369587d,40000000,11442161,,64,384,29,37,197,29,71,False,FEASIBLE,False,False,2349211052.0,4020575265.0,,2503.8,2503.8,False,1980,True,20,3,81,,NOT_MEASURED_NATIVE_SOLVER_MEMORY_UNAVAILABLE,2,23187,52024,PASS,
100,5,100,5,A,NORMAL,ZERO_BUDGET_NO_SUPPLY_LOW_DATA,zero,0.0,0.0,1.0,0.0,NORMAL,20261123,SYNTHETIC_SCENARIO_GENERATOR,SYNTHETIC_ROUTE_EDGES_FOR_STRESS_ONLY,edbf9d09e5aa045745c90e08f37a8ae54af0a44655b52249d2b1edd297934202,02542c5d1b3a045134dcdffaab5c46b5fb22d54ef279e049a2fd0072491e78e9,0,0,,100,0,0,0,194,0,100,False,OPTIMAL,True,False,0.0,0.0,0.0,2.12,2.12,True,0,False,0,5,100,,NOT_MEASURED_NATIVE_SOLVER_MEMORY_UNAVAILABLE,0,0,0,PASS,
100,5,100,5,A,NORMAL,WRONG_SERVICE_REMOTE_EQUAL_DEMAND,normal,1.0,1.0,0.5,0.05,WRONG_SERVICE_ONLY,20261124,SYNTHETIC_SCENARIO_GENERATOR,SYNTHETIC_ROUTE_EDGES_FOR_STRESS_ONLY,f138a09e919563d03cc1d9f52f42bdb955cb980de33f61c0a1b44db5387b72ff,61650ecfc6faa4d8e41ef5317844f6fa72cc1e93584ec8fead0b592168f28d3b,30000000,0,,100,0,0,0,100,0,100,False,OPTIMAL,True,False,0.0,0.0,0.0,2.08,2.08,True,495,True,0,0,56,,NOT_MEASURED_NATIVE_SOLVER_MEMORY_UNAVAILABLE,0,0,0,PASS,
100,5,100,5,A,NORMAL,MASS_PROVIDER_DECLINE_REMOTE,tight,0.2,0.2,0.75,0.1,NORMAL,20261125,SYNTHETIC_SCENARIO_GENERATOR,SYNTHETIC_ROUTE_EDGES_FOR_STRESS_ONLY,184f824858480542f955a3879ecc907fb0ba92f38357198a2c0414b5ca7b9fd9,feef501c58494f6ac231ada168bd1bef336ec8c07783d3c5534849a23fb1ae80,8000000,5459412,,76,288,17,20,212,17,83,False,TIME_LIMIT,False,True,1305546226.0,1712559898.0,,2496.97,2496.97,False,990,True,12,4,75,,NOT_MEASURED_NATIVE_SOLVER_MEMORY_UNAVAILABLE,2,27844,62484,PASS,
100,5,100,5,A,NORMAL,HOME_REPAIR_HIGH_UNIT_COST,tight,0.5,0.4,0.5,0.05,HOME_REPAIR_ONLY,20261126,SYNTHETIC_SCENARIO_GENERATOR,SYNTHETIC_ROUTE_EDGES_FOR_STRESS_ONLY,aafc7aeb48c1e5ea2d899c4ab544529450fa59f79369d1d667d50a2ab610b919,16d32ab857bbc1a49c257cd5b162f70f42e74c4df940cb3b0001d0b00cae23d2,8000000,7728595,,88,48,6,6,202,6,94,False,OPTIMAL,True,False,0.0,0.0,0.0,1011.41,1011.41,False,495,True,8,3,54,,NOT_MEASURED_NATIVE_SOLVER_MEMORY_UNAVAILABLE,1,38,84,PASS,
100,5,100,5,A,NORMAL,HUB_COMPATIBLE_DAILY_SERVICE,normal,0.75,0.8,0.35,0.0,HUB_COMPATIBLE_DAILY_SERVICE,20261127,SYNTHETIC_SCENARIO_GENERATOR,SYNTHETIC_ROUTE_EDGES_FOR_STRESS_ONLY,a05d80fa3f92344480cb6b89f811a9e6a6c5571d89cc6d3f3e6f1714064e0d11,40e2bc26fd13f4afae27f82ebf621a06bc999cee8ccbbac9e5563f172c5d3421,30000000,15764945,,28,672,57,63,208,57,43,False,FEASIBLE,False,False,4030683203.0,6037833249.0,,2508.53,2508.53,True,0,False,0,1,32,,NOT_MEASURED_NATIVE_SOLVER_MEMORY_UNAVAILABLE,12,440616,988787,PASS,
100,5,100,5,A,NORMAL,ROUTE_LOSS_STALE_LOW_DATA,high,0.5,0.4,0.95,0.35,NORMAL,20261128,SYNTHETIC_SCENARIO_GENERATOR,SYNTHETIC_ROUTE_EDGES_FOR_STRESS_ONLY,b3d8526b35b5b69a1e46cb724f21941a16300a2187b2c13ca090686b830046da,e7a78268a5169a58c996aa4fd88adc31ff887244e39b836c5c8ccf780d06fdfa,40000000,10135780,,64,384,29,31,207,29,71,False,FEASIBLE,False,False,1998462349.0,3733313120.0,,2503.63,2503.63,False,3465,True,20,3,95,,NOT_MEASURED_NATIVE_SOLVER_MEMORY_UNAVAILABLE,1,14176,31815,PASS,
100,10,100,10,A,NORMAL,BASELINE,normal,1.0,1.0,0.25,0.0,NORMAL,20261129,SYNTHETIC_SCENARIO_GENERATOR,SYNTHETIC_ROUTE_EDGES_FOR_STRESS_ONLY,daea2f84e3fb2b03d2527353e0a480c83ecda708e39b0737b1b54ba4be2cb8e2,63fe8a51cd7967419b69e6aedd83bffff71808e402a80959d57dd1085f62104e,30000000,20008471,,0,864,60,60,200,60,40,False,FEASIBLE,False,False,4105735771.0,6442081918.0,,2507.78,2507.78,True,0,False,0,0,25,,NOT_MEASURED_NATIVE_SOLVER_MEMORY_UNAVAILABLE,0,0,0,PASS,
100,10,100,10,A,NORMAL,TIGHT_MIXED,tight,0.75,0.8,0.5,0.05,NORMAL,20261130,SYNTHETIC_SCENARIO_GENERATOR,SYNTHETIC_ROUTE_EDGES_FOR_STRESS_ONLY,60dac9d2c97b77b6e934cd659d726d4986782d21736e3adf2cf93f4b6023ecc3,f86628cf52bef8042feebb0de5d82a8fc5574f63060d4849f74349412bb7c72a,8000000,7945404,,0,256,28,29,203,28,72,False,FEASIBLE,False,False,2002519226.0,2002519226.0,,1849.44,1849.44,False,495,True,36,2,42,,NOT_MEASURED_NATIVE_SOLVER_MEMORY_UNAVAILABLE,5,13991,31392,PASS,
100,10,100,10,A,NORMAL,HIGH_POOR,high,0.5,0.5,0.8,0.2,NORMAL,20261131,SYNTHETIC_SCENARIO_GENERATOR,SYNTHETIC_ROUTE_EDGES_FOR_STRESS_ONLY,13ff238397be33d988d29d9d4e7c3442e1b47acec4e4bff6dec7698b089d2fc4,3b30d8b600f045d1b2b038b33504cffa75277cddbddc2c960c11d012aa4c93b3,40000000,17766737,,16,768,53,60,200,53,47,False,FEASIBLE,False,False,3747488614.0,7172488928.0,,2506.35,2506.35,False,1980,True,44,5,80,,NOT_MEASURED_NATIVE_SOLVER_MEMORY_UNAVAILABLE,3,34460,77315,PASS,
100,10,100,10,A,NORMAL,ZERO_BUDGET_NO_SUPPLY_LOW_DATA,zero,0.0,0.0,1.0,0.0,NORMAL,20261132,SYNTHETIC_SCENARIO_GENERATOR,SYNTHETIC_ROUTE_EDGES_FOR_STRESS_ONLY,dd95fe214b5152d3fad29e22d08cce285ae8de54ab42a50d75a2fef7a38ecb54,45f3aaa512ab92c80eae790900d29628983acf78018cf30a0148f1518d60af14,0,0,,100,0,0,0,199,0,100,False,OPTIMAL,True,False,0.0,0.0,0.0,2.24,2.24,True,0,False,0,10,100,,NOT_MEASURED_NATIVE_SOLVER_MEMORY_UNAVAILABLE,0,0,0,PASS,
100,10,100,10,A,NORMAL,WRONG_SERVICE_REMOTE_EQUAL_DEMAND,normal,1.0,1.0,0.5,0.05,WRONG_SERVICE_ONLY,20261133,SYNTHETIC_SCENARIO_GENERATOR,SYNTHETIC_ROUTE_EDGES_FOR_STRESS_ONLY,4aaaca43a73aee8c08e51424e37c2144b9a1c2718b5c48e99f564487a156756a,013834b06f89ae840529b212eb78f9a71c4f3de2a2516f323146f40a20bef6fa,30000000,0,,100,0,0,0,100,0,100,False,OPTIMAL,True,False,0.0,0.0,0.0,2.28,2.28,True,495,True,0,0,55,,NOT_MEASURED_NATIVE_SOLVER_MEMORY_UNAVAILABLE,0,0,0,PASS,
100,10,100,10,A,NORMAL,MASS_PROVIDER_DECLINE_REMOTE,tight,0.2,0.2,0.75,0.1,NORMAL,20261134,SYNTHETIC_SCENARIO_GENERATOR,SYNTHETIC_ROUTE_EDGES_FOR_STRESS_ONLY,c00f97f39546f065b5037504dc51c534e66824c220d6d7e6f27c57f71f650bba,2f96af9b4e38ad6b452cb6f39133ac48c0ad7ac16192d8f991116c73a936d19b,8000000,7764952,,64,308,29,29,195,29,71,False,OPTIMAL,True,False,0.0,0.0,0.0,1085.05,1085.05,False,990,True,20,8,71,,NOT_MEASURED_NATIVE_SOLVER_MEMORY_UNAVAILABLE,3,104513,234547,PASS,
100,10,100,10,A,NORMAL,HOME_REPAIR_HIGH_UNIT_COST,tight,0.5,0.5,0.5,0.05,HOME_REPAIR_ONLY,20261135,SYNTHETIC_SCENARIO_GENERATOR,SYNTHETIC_ROUTE_EDGES_FOR_STRESS_ONLY,c9992564af5cbef1f0e10f048c673137251ecf3eb7892c8457f85121169d7a52,1c9ab92b2bcaf3c42c88d3d080d4e1671e0946d16a315ece25eeabe08446cca0,8000000,7712401,,64,48,6,6,212,6,94,False,OPTIMAL,True,False,0.0,0.0,0.0,1016.09,1016.09,True,495,True,0,5,51,,NOT_MEASURED_NATIVE_SOLVER_MEMORY_UNAVAILABLE,1,19519,43811,PASS,
100,10,100,10,A,NORMAL,HUB_COMPATIBLE_DAILY_SERVICE,normal,0.75,0.8,0.35,0.0,HUB_COMPATIBLE_DAILY_SERVICE,20261136,SYNTHETIC_SCENARIO_GENERATOR,SYNTHETIC_ROUTE_EDGES_FOR_STRESS_ONLY,df72ea017e8895f41ccb52307e519fa93573d74a753813991bb06602fac0b8b3,2cdb88e082d83308e8d5a3140cffe69ab2c175a5c9d66528222fce0ce5f11e4f,30000000,16871304,,0,868,52,52,188,52,48,False,FEASIBLE,False,False,3705758652.0,7084684220.0,,2511.21,2511.21,True,0,False,0,2,39,,NOT_MEASURED_NATIVE_SOLVER_MEMORY_UNAVAILABLE,0,0,0,PASS,
100,10,100,10,A,NORMAL,ROUTE_LOSS_STALE_LOW_DATA,high,0.5,0.5,0.95,0.35,NORMAL,20261137,SYNTHETIC_SCENARIO_GENERATOR,SYNTHETIC_ROUTE_EDGES_FOR_STRESS_ONLY,cc45824bc8030bf336aab0539955d932ec4f99f09c9231707c9d81ce05916f01,19eb2d137f40ec465f2b5444244f72ac11e56756e81e9e3cd9a4c6e909b5d93f,40000000,18688129,,16,768,60,62,202,60,40,False,FEASIBLE,False,False,4036799540.0,7267427984.0,,2506.15,2506.15,False,3465,True,44,5,97,,NOT_MEASURED_NATIVE_SOLVER_MEMORY_UNAVAILABLE,2,46113,103484,PASS,
100,20,100,20,A,NORMAL,BASELINE,normal,1.0,1.0,0.25,0.0,NORMAL,20261138,SYNTHETIC_SCENARIO_GENERATOR,SYNTHETIC_ROUTE_EDGES_FOR_STRESS_ONLY,c0267434bb5b5509a28403cf8170f4499ac2627845fe09b11f37efeb2d077d4b,2fc380100daa6730043f1eb7026a1abd4f53ab9f447a85330267b3bab2a7776b,30000000,26823606,,0,884,84,84,207,84,16,False,FEASIBLE,False,False,5557964480.0,6558500508.0,,2513.29,2513.29,True,0,False,0,0,21,,NOT_MEASURED_NATIVE_SOLVER_MEMORY_UNAVAILABLE,0,0,0,PASS,
100,20,100,20,A,NORMAL,TIGHT_MIXED,tight,0.75,0.75,0.5,0.05,NORMAL,20261139,SYNTHETIC_SCENARIO_GENERATOR,SYNTHETIC_ROUTE_EDGES_FOR_STRESS_ONLY,bfbde5a4fddf715dcfc04c4881024bdef1c50e6436515f6f99b3e8c63ddcfbfb,08921247b9e4d8ea677188346cd1ae1c44619d8c31daaae0edb6fc8b0fa495f3,8000000,7954914,,4,284,26,29,191,26,74,False,FEASIBLE,False,False,1917587703.0,2068526078.0,,2511.75,2511.75,False,495,True,16,5,53,,NOT_MEASURED_NATIVE_SOLVER_MEMORY_UNAVAILABLE,4,19447,43634,PASS,
100,20,100,20,A,NORMAL,HIGH_POOR,high,0.5,0.5,0.8,0.2,NORMAL,20261140,SYNTHETIC_SCENARIO_GENERATOR,SYNTHETIC_ROUTE_EDGES_FOR_STRESS_ONLY,da9012d84d819d4e6a2e9b80f650308625cd74ba3dde91ef7a89cad3fe3cd99c,c8d7e95d0afa34578361f4a570c05c06cf76cf4abde52301a08c052bb463a7d9,40000000,22845008,,0,912,67,67,193,67,33,False,FEASIBLE,False,False,4581292997.0,8030996520.0,,2514.37,2514.37,False,1980,True,88,10,83,,NOT_MEASURED_NATIVE_SOLVER_MEMORY_UNAVAILABLE,0,0,0,PASS,
100,20,100,20,A,NORMAL,ZERO_BUDGET_NO_SUPPLY_LOW_DATA,zero,0.0,0.0,1.0,0.0,NORMAL,20261141,SYNTHETIC_SCENARIO_GENERATOR,SYNTHETIC_ROUTE_EDGES_FOR_STRESS_ONLY,9fb116e65790aede76cd46a724b6c71149d0fb7ef7598a40aad09a1b89efb686,99ba15e3ceb1f707278e1bab99e49fcc906f21b065e1c3f183525132b8bc51f6,0,0,,100,0,0,0,201,0,100,False,OPTIMAL,True,False,0.0,0.0,0.0,2.03,2.03,True,0,False,0,20,100,,NOT_MEASURED_NATIVE_SOLVER_MEMORY_UNAVAILABLE,0,0,0,PASS,
100,20,100,20,A,NORMAL,WRONG_SERVICE_REMOTE_EQUAL_DEMAND,normal,1.0,1.0,0.5,0.05,WRONG_SERVICE_ONLY,20261142,SYNTHETIC_SCENARIO_GENERATOR,SYNTHETIC_ROUTE_EDGES_FOR_STRESS_ONLY,26aa046fc1b59aaca8d0ef99ba30467d088b107c32f0cc1828a62e36e951c104,f8827cd247f95aac0ed8bba649b385d18c379da0416a687e46374ebe87d1c191,30000000,0,,100,0,0,0,100,0,100,False,OPTIMAL,True,False,0.0,0.0,0.0,2.13,2.13,True,495,True,0,0,48,,NOT_MEASURED_NATIVE_SOLVER_MEMORY_UNAVAILABLE,0,0,0,PASS,
100,20,100,20,A,NORMAL,MASS_PROVIDER_DECLINE_REMOTE,tight,0.2,0.2,0.75,0.1,NORMAL,20261143,SYNTHETIC_SCENARIO_GENERATOR,SYNTHETIC_ROUTE_EDGES_FOR_STRESS_ONLY,249c6536c80c910f32cded38fd522e2f286e7f3dbe3374cdff5fc440dd731813,3912526b4614f202eda7c0ca48f31d2578598f248ec463b5df4cc3bce75960c2,8000000,7980722,,52,284,30,30,199,30,70,False,OPTIMAL,True,False,0.0,0.0,0.0,1068.76,1068.76,False,990,True,28,16,80,,NOT_MEASURED_NATIVE_SOLVER_MEMORY_UNAVAILABLE,1,5988,13434,PASS,
100,20,100,20,A,NORMAL,HOME_REPAIR_HIGH_UNIT_COST,tight,0.5,0.5,0.5,0.05,HOME_REPAIR_ONLY,20261144,SYNTHETIC_SCENARIO_GENERATOR,SYNTHETIC_ROUTE_EDGES_FOR_STRESS_ONLY,d14c9355b022a6f1beae0f6fa441e9b04a8f49d2568f3464fce886f695ba256a,b7649cea52dddb9b8bd8812682634c3a6a2cfbf64d57932e28373841534e13e5,8000000,7798107,,64,48,6,6,200,6,94,False,OPTIMAL,True,False,0.0,0.0,0.0,1765.07,1765.07,True,495,True,0,10,43,,NOT_MEASURED_NATIVE_SOLVER_MEMORY_UNAVAILABLE,1,99,217,PASS,
100,20,100,20,A,NORMAL,HUB_COMPATIBLE_DAILY_SERVICE,normal,0.75,0.75,0.35,0.0,HUB_COMPATIBLE_DAILY_SERVICE,20261145,SYNTHETIC_SCENARIO_GENERATOR,SYNTHETIC_ROUTE_EDGES_FOR_STRESS_ONLY,0eae1e615a1c288cb59cda003f933c0a487db9f65675192aa8748533c9bfc85a,a54e9295d4c4295da5daaffae48c64e3fb23090732fd3cb7b985a3194515a75f,30000000,23507744,,0,904,75,75,195,75,25,False,FEASIBLE,False,False,5111957425.0,7209408856.0,,2515.81,2515.81,True,0,False,0,5,37,,NOT_MEASURED_NATIVE_SOLVER_MEMORY_UNAVAILABLE,0,0,0,PASS,
100,20,100,20,A,NORMAL,ROUTE_LOSS_STALE_LOW_DATA,high,0.5,0.5,0.95,0.35,NORMAL,20261146,SYNTHETIC_SCENARIO_GENERATOR,SYNTHETIC_ROUTE_EDGES_FOR_STRESS_ONLY,7094d36ae4bd2a3cefbc76bbbfc1d34ca7aaf3a00b3e7e9b2463e74368f25752,e74a5942f218cc4267c1072925008618ee1b9c51bec9a1c2ffddb955c12d9bb9,40000000,22235578,,0,876,63,63,192,63,37,False,FEASIBLE,False,False,4293399840.0,8044434730.0,,2507.65,2507.65,False,3465,True,80,10,96,,NOT_MEASURED_NATIVE_SOLVER_MEMORY_UNAVAILABLE,0,0,0,PASS,
200,3,200,3,A,NORMAL,BASELINE,normal,1.0,1.0,0.25,0.0,NORMAL,20261147,SYNTHETIC_SCENARIO_GENERATOR,SYNTHETIC_ROUTE_EDGES_FOR_STRESS_ONLY,b228836369730172e2cd2bb4bc5454e71ad3d8350a6a8bde63b04cb9b328de61,1324cf3c5eb80015900f07e007613ffb7407ad125b4403453bc4dac206ab972d,60000000,14669366,,140,576,46,49,408,46,154,False,FEASIBLE,False,False,1643379936.0,3453887740.0,,2506.05,2506.05,True,0,False,0,0,41,,NOT_MEASURED_NATIVE_SOLVER_MEMORY_UNAVAILABLE,11,409278,918484,PASS,
200,3,200,3,A,NORMAL,TIGHT_MIXED,tight,0.75,0.6667,0.5,0.05,NORMAL,20261148,SYNTHETIC_SCENARIO_GENERATOR,SYNTHETIC_ROUTE_EDGES_FOR_STRESS_ONLY,06cf3945a6bf9a9e4512b8da30850e6e9d75f26259c09f5a8bb6d4c4c5a04eb8,8f390c44eee5a382b3feeed549c01a3cbd5959ede1ffb76abf82831dcb9c5072,16000000,12759510,,164,384,31,51,383,31,169,False,FEASIBLE,False,False,1444383513.0,1660650668.0,,2508.5,2508.5,False,1990,True,20,1,106,,NOT_MEASURED_NATIVE_SOLVER_MEMORY_UNAVAILABLE,4,48543,108924,PASS,
200,3,200,3,A,NORMAL,HIGH_POOR,high,0.5,0.6667,0.8,0.2,NORMAL,20261149,SYNTHETIC_SCENARIO_GENERATOR,SYNTHETIC_ROUTE_EDGES_FOR_STRESS_ONLY,f6b8336914be127ff9e67142da73df2cee739bdb0365ef65fc7fd17d25d9a03f,dbe0a9cb5ac34a5bb24b3dd96e83d4f85000e85c184db6260c60c15588c9be91,80000000,9794597,,164,384,29,29,406,29,171,False,FEASIBLE,False,False,1046160077.0,1946139338.0,,2509.93,2509.93,False,7960,True,20,1,166,,NOT_MEASURED_NATIVE_SOLVER_MEMORY_UNAVAILABLE,1,3835,8602,PASS,
200,3,200,3,A,NORMAL,ZERO_BUDGET_NO_SUPPLY_LOW_DATA,zero,0.0,0.0,1.0,0.0,NORMAL,20261150,SYNTHETIC_SCENARIO_GENERATOR,SYNTHETIC_ROUTE_EDGES_FOR_STRESS_ONLY,008d2c5972a4a85a99affd1ccb360c12db725b42cd74fee2c7475e14f1b0772f,d8d3a32a9b6b3671e27d7f4ebbbcaca7357380355e011549ab8f8852d69f2d65,0,0,,200,0,0,0,373,0,200,False,OPTIMAL,True,False,0.0,0.0,0.0,3.11,3.11,True,0,False,0,3,200,,NOT_MEASURED_NATIVE_SOLVER_MEMORY_UNAVAILABLE,0,0,0,PASS,
200,3,200,3,A,NORMAL,WRONG_SERVICE_REMOTE_EQUAL_DEMAND,normal,1.0,1.0,0.5,0.05,WRONG_SERVICE_ONLY,20261151,SYNTHETIC_SCENARIO_GENERATOR,SYNTHETIC_ROUTE_EDGES_FOR_STRESS_ONLY,8f13f0fa2f30daed849f1e4b8fda0024c26bbe805878171345311931f4a76674,6eb761b73d092b10e0b69b3c5bfb5267c58c7eef5c06bc8947884365e62d21bb,60000000,0,,200,0,0,0,200,0,200,False,OPTIMAL,True,False,0.0,0.0,0.0,3.11,3.11,True,1990,True,0,0,109,,NOT_MEASURED_NATIVE_SOLVER_MEMORY_UNAVAILABLE,0,0,0,PASS,
200,3,200,3,A,NORMAL,MASS_PROVIDER_DECLINE_REMOTE,tight,0.2,0.3333,0.75,0.1,NORMAL,20261152,SYNTHETIC_SCENARIO_GENERATOR,SYNTHETIC_ROUTE_EDGES_FOR_STRESS_ONLY,9e4f265adab6a1916d95774ba00bbeb189f8238f6b5da88573568c1345a8d61a,5a5be43146dd4e96257c8c5e38a3741bed0f2b133ea9bb34a861caa782cc6f2d,16000000,12754455,,176,288,18,52,385,18,182,False,FEASIBLE,False,False,1178772585.0,1259142039.0,,2503.58,2503.58,False,3980,True,12,2,142,,NOT_MEASURED_NATIVE_SOLVER_MEMORY_UNAVAILABLE,1,29007,65095,PASS,
200,3,200,3,A,NORMAL,HOME_REPAIR_HIGH_UNIT_COST,tight,0.5,0.6667,0.5,0.05,HOME_REPAIR_ONLY,20261153,SYNTHETIC_SCENARIO_GENERATOR,SYNTHETIC_ROUTE_EDGES_FOR_STRESS_ONLY,5cf7f2b282a45bc24c31691dc64f25133fff23bb546516e80ba0f4e04a75740c,21a73e4d59133206c95300103c209f918cbc42dc5aad474cedc32349927a932c,16000000,15273268,,188,96,12,12,407,12,188,False,OPTIMAL,True,False,0.0,0.0,0.0,1022.19,1022.19,False,1990,True,8,1,85,,NOT_MEASURED_NATIVE_SOLVER_MEMORY_UNAVAILABLE,2,77503,173947,PASS,
200,3,200,3,A,NORMAL,HUB_COMPATIBLE_DAILY_SERVICE,normal,0.75,0.6667,0.35,0.0,HUB_COMPATIBLE_DAILY_SERVICE,20261154,SYNTHETIC_SCENARIO_GENERATOR,SYNTHETIC_ROUTE_EDGES_FOR_STRESS_ONLY,df57860f7589620007d102e5400efe476760a92b69c3767e69119272d2bb4773,33b4dbe92145f6f491d72c8e75919c6ed94a445d5149ecd7d62ef0eb64a9682a,60000000,7870752,,164,384,29,29,389,29,171,False,FEASIBLE,False,False,1117185003.0,2073302391.0,,2505.6,2505.6,True,0,False,0,1,74,,NOT_MEASURED_NATIVE_SOLVER_MEMORY_UNAVAILABLE,7,284118,637562,PASS,
200,3,200,3,A,NORMAL,ROUTE_LOSS_STALE_LOW_DATA,high,0.5,0.6667,0.95,0.35,NORMAL,20261155,SYNTHETIC_SCENARIO_GENERATOR,SYNTHETIC_ROUTE_EDGES_FOR_STRESS_ONLY,6a8930086932f0c247ed63712abcd7fd66a5b8e131237669efd180f875417225,2e6dc6d819b54deedc73b8207b2c65af217d36790708442111978a88f6fd529f,80000000,10159640,,164,384,28,31,401,28,172,False,FEASIBLE,False,False,1021315993.0,1952276542.0,,2504.81,2504.81,False,13930,True,20,1,194,,NOT_MEASURED_NATIVE_SOLVER_MEMORY_UNAVAILABLE,1,7803,17511,PASS,
200,5,200,5,A,NORMAL,BASELINE,normal,1.0,1.0,0.25,0.0,NORMAL,20261156,SYNTHETIC_SCENARIO_GENERATOR,SYNTHETIC_ROUTE_EDGES_FOR_STRESS_ONLY,2d9f61e8092635b4cab3de7ef8e7b07cc385102e8d5a927990892be9f3862320,633e6a3295580bda9a4a6bdb82b20adc05dc2a18c52d4f29eb8b18fba98a97a8,60000000,13801683,,116,768,37,37,414,37,163,False,FEASIBLE,False,False,1420091627.0,4869188864.0,,2510.47,2510.47,True,0,False,0,0,52,,NOT_MEASURED_NATIVE_SOLVER_MEMORY_UNAVAILABLE,0,0,0,PASS,
200,5,200,5,A,NORMAL,TIGHT_MIXED,tight,0.75,0.8,0.5,0.05,NORMAL,20261157,SYNTHETIC_SCENARIO_GENERATOR,SYNTHETIC_ROUTE_EDGES_FOR_STRESS_ONLY,09e799eb372a67e95b8dc5572ebf36c15473b08c56e3d6329c544a4510d09dba,a86060181c8bf21d41c76988c2787fce6918e77a6f40c17067aff6e004483b82,16000000,15505831,,128,584,54,57,395,54,146,False,FEASIBLE,False,False,1896524433.0,2022818012.0,,2508.76,2508.76,False,1990,True,36,1,111,,NOT_MEASURED_NATIVE_SOLVER_MEMORY_UNAVAILABLE,13,69795,156597,PASS,
200,5,200,5,A,NORMAL,HIGH_POOR,high,0.5,0.4,0.8,0.2,NORMAL,20261158,SYNTHETIC_SCENARIO_GENERATOR,SYNTHETIC_ROUTE_EDGES_FOR_STRESS_ONLY,0b4839872ee2bcfb9b381ff7fa4d470351320d547d41c25cecadf18075a39595,5d3492d1a8de7be3908ed7e716cdf2c97c7fe465eff3a76e7b79c6084b88ad14,80000000,12407041,,164,384,28,43,368,28,172,False,FEASIBLE,False,False,1245252175.0,2087682570.0,,2504.22,2504.22,False,7960,True,20,3,160,,NOT_MEASURED_NATIVE_SOLVER_MEMORY_UNAVAILABLE,2,28595,64168,PASS,
200,5,200,5,A,NORMAL,ZERO_BUDGET_NO_SUPPLY_LOW_DATA,zero,0.0,0.0,1.0,0.0,NORMAL,20261159,SYNTHETIC_SCENARIO_GENERATOR,SYNTHETIC_ROUTE_EDGES_FOR_STRESS_ONLY,234218ea2926527db24ac5fbb11a7570ae55b2e92c720699c8c03de43d29df46,f00df8155b6f6faef99d1e9219c760fee7864f3a6aeddc6e38238b8a454c84a2,0,0,,200,0,0,0,398,0,200,False,OPTIMAL,True,False,0.0,0.0,0.0,3.06,3.06,True,0,False,0,5,200,,NOT_MEASURED_NATIVE_SOLVER_MEMORY_UNAVAILABLE,0,0,0,PASS,
200,5,200,5,A,NORMAL,WRONG_SERVICE_REMOTE_EQUAL_DEMAND,normal,1.0,1.0,0.5,0.05,WRONG_SERVICE_ONLY,20261160,SYNTHETIC_SCENARIO_GENERATOR,SYNTHETIC_ROUTE_EDGES_FOR_STRESS_ONLY,b7b624fe323be6c79b41168486f6601743031495c9cd2ea093a5897e425f18a8,cfa8f503dae55541c6b92c82eaf2979e2eb76f2e04bb7774868ba8b55fd58140,60000000,0,,200,0,0,0,200,0,200,False,OPTIMAL,True,False,0.0,0.0,0.0,3.16,3.16,True,1990,True,0,0,91,,NOT_MEASURED_NATIVE_SOLVER_MEMORY_UNAVAILABLE,0,0,0,PASS,
200,5,200,5,A,NORMAL,MASS_PROVIDER_DECLINE_REMOTE,tight,0.2,0.2,0.75,0.1,NORMAL,20261161,SYNTHETIC_SCENARIO_GENERATOR,SYNTHETIC_ROUTE_EDGES_FOR_STRESS_ONLY,ec7ca7171d3b57fcc6a04842c5656c52487ecbb92657c206db738726b87eff6e,ac6cbf9fbf335c5703d426f1b62a75d9a0b430b408c85312dc55576e2f2041bd,16000000,12592375,,176,288,17,50,399,17,183,False,FEASIBLE,False,False,1095123916.0,1194295938.0,,2504.87,2504.87,False,3980,True,12,4,153,,NOT_MEASURED_NATIVE_SOLVER_MEMORY_UNAVAILABLE,3,37536,84231,PASS,
200,5,200,5,A,NORMAL,HOME_REPAIR_HIGH_UNIT_COST,tight,0.5,0.4,0.5,0.05,HOME_REPAIR_ONLY,20261162,SYNTHETIC_SCENARIO_GENERATOR,SYNTHETIC_ROUTE_EDGES_FOR_STRESS_ONLY,451ffb1ad6deb7d01fd9aee51e9e5e3af51e851d376429011d3169e3cd25aeb3,da150c3ee052b09392fd5ecacd70d3ada3179dc1dac38838f2dd210c11abceb9,16000000,15659794,,188,96,12,12,413,12,188,False,OPTIMAL,True,False,0.0,0.0,0.0,1022.47,1022.47,False,1990,True,8,3,107,,NOT_MEASURED_NATIVE_SOLVER_MEMORY_UNAVAILABLE,1,38414,86213,PASS,
200,5,200,5,A,NORMAL,HUB_COMPATIBLE_DAILY_SERVICE,normal,0.75,0.8,0.35,0.0,HUB_COMPATIBLE_DAILY_SERVICE,20261163,SYNTHETIC_SCENARIO_GENERATOR,SYNTHETIC_ROUTE_EDGES_FOR_STRESS_ONLY,ad7e2d8d78cf91d97a772f10e33f055a2a5444bca315427d02e028bfc3775deb,1b432789620a8fcc09acf7ccb3ad234e0e2d8a21ade800b00465608cbbaea238,60000000,23966685,,128,672,35,98,401,35,165,False,FEASIBLE,False,False,2186269450.0,3895262051.0,,2508.33,2508.33,True,0,False,0,1,63,,NOT_MEASURED_NATIVE_SOLVER_MEMORY_UNAVAILABLE,3,91105,204436,PASS,
200,5,200,5,A,NORMAL,ROUTE_LOSS_STALE_LOW_DATA,high,0.5,0.4,0.95,0.35,NORMAL,20261164,SYNTHETIC_SCENARIO_GENERATOR,SYNTHETIC_ROUTE_EDGES_FOR_STRESS_ONLY,26ef40e00635f2ebd00e37d4feada3883b398a9ce96e46e586827e6886a06b25,97d2978dce9558b939c3296c5741c5222541251043eaea1ddbecd98612c4a5c6,80000000,13050649,,164,384,28,42,400,28,172,False,FEASIBLE,False,False,1165373768.0,1958649768.0,,2505.02,2505.02,False,13930,True,20,3,190,,NOT_MEASURED_NATIVE_SOLVER_MEMORY_UNAVAILABLE,1,267,590,PASS,
200,10,200,10,A,NORMAL,BASELINE,normal,1.0,1.0,0.25,0.0,NORMAL,20261165,SYNTHETIC_SCENARIO_GENERATOR,SYNTHETIC_ROUTE_EDGES_FOR_STRESS_ONLY,d29c31f14238fd5afd95beecdfa4fbfe83639988ba26a8ef71c07b269393d318,70711f5a134008770a794572861711ea3cf3f010a3fd08b8b1f9bdd02903be87,60000000,0,,200,1528,0,0,378,0,200,False,UNKNOWN,False,False,,,,750.0,750.0,True,0,False,0,0,48,,NOT_MEASURED_NATIVE_SOLVER_MEMORY_UNAVAILABLE,0,0,0,NOT_VERIFIABLE,
200,10,200,10,A,NORMAL,TIGHT_MIXED,tight,0.75,0.8,0.5,0.05,NORMAL,20261166,SYNTHETIC_SCENARIO_GENERATOR,SYNTHETIC_ROUTE_EDGES_FOR_STRESS_ONLY,008237f4bec851bb45175cbec48cc12a1f3378eb6f7cdcbd8ad03ebd4ff70d95,2ddd2c7fd663df14ae04959b759603a7761d2b543c95ff6255b5178d8a5ef196,16000000,15303157,,80,544,52,54,405,52,148,False,FEASIBLE,False,False,1822029536.0,2015433769.0,,2508.61,2508.61,False,1990,True,48,2,95,,NOT_MEASURED_NATIVE_SOLVER_MEMORY_UNAVAILABLE,9,150848,338289,PASS,
200,10,200,10,A,NORMAL,HIGH_POOR,high,0.5,0.5,0.8,0.2,NORMAL,20261167,SYNTHETIC_SCENARIO_GENERATOR,SYNTHETIC_ROUTE_EDGES_FOR_STRESS_ONLY,d94c1ff15ae2aa57b00f778c1006341f9909c1f6b1e537d57284747cff3d9ca2,269e6c9a8e24f60e156eb7cedf2dc79dd7620da8f08644985cec0b9f51f9359c,80000000,31764069,,116,768,41,109,397,41,159,False,FEASIBLE,False,False,2489312906.0,5007026186.0,,2508.48,2508.48,False,7960,True,44,5,156,,NOT_MEASURED_NATIVE_SOLVER_MEMORY_UNAVAILABLE,1,3562,7993,PASS,
200,10,200,10,A,NORMAL,ZERO_BUDGET_NO_SUPPLY_LOW_DATA,zero,0.0,0.0,1.0,0.0,NORMAL,20261168,SYNTHETIC_SCENARIO_GENERATOR,SYNTHETIC_ROUTE_EDGES_FOR_STRESS_ONLY,30dc72b28b853e6f3d50d3d1c5f1834e8c6695c7a87a1ac903f0c97d15a83214,d9be66272e09cf00457018795f11d3197eb6f5b0fe55955e1805e7368a6ed863,0,0,,200,0,0,0,393,0,200,False,OPTIMAL,True,False,0.0,0.0,0.0,3.14,3.14,True,0,False,0,10,200,,NOT_MEASURED_NATIVE_SOLVER_MEMORY_UNAVAILABLE,0,0,0,PASS,
200,10,200,10,A,NORMAL,WRONG_SERVICE_REMOTE_EQUAL_DEMAND,normal,1.0,1.0,0.5,0.05,WRONG_SERVICE_ONLY,20261169,SYNTHETIC_SCENARIO_GENERATOR,SYNTHETIC_ROUTE_EDGES_FOR_STRESS_ONLY,986384b68c5c20d7835467267414110bad3e4e450a9be223bcb9b4603ae5cd93,da0bf5941040c3b10836254eafab269656486c8b948c21013e88d213b31056d5,60000000,0,,200,0,0,0,200,0,200,False,OPTIMAL,True,False,0.0,0.0,0.0,3.18,3.18,True,1990,True,0,0,98,,NOT_MEASURED_NATIVE_SOLVER_MEMORY_UNAVAILABLE,0,0,0,PASS,
200,10,200,10,A,NORMAL,MASS_PROVIDER_DECLINE_REMOTE,tight,0.2,0.2,0.75,0.1,NORMAL,20261170,SYNTHETIC_SCENARIO_GENERATOR,SYNTHETIC_ROUTE_EDGES_FOR_STRESS_ONLY,0c0c38f60ec868589df57916032c5aede18754a4e33f6826980a8e2456bed140,686dc2b16a810b8a5abc5e52c229ca34fbb8547ab7e120b1724c8e0b03f211ba,16000000,10318294,,164,384,31,41,401,31,169,False,FEASIBLE,False,False,1207792423.0,1602165390.0,,2504.83,2504.83,False,3980,True,20,8,155,,NOT_MEASURED_NATIVE_SOLVER_MEMORY_UNAVAILABLE,3,8615,19325,PASS,
200,10,200,10,A,NORMAL,HOME_REPAIR_HIGH_UNIT_COST,tight,0.5,0.5,0.5,0.05,HOME_REPAIR_ONLY,20261171,SYNTHETIC_SCENARIO_GENERATOR,SYNTHETIC_ROUTE_EDGES_FOR_STRESS_ONLY,e0ed0ae7e4eaaa01a9dd4b250e661271326bca36c27890bfe7c230fea5119687,bfcaa3f95b68d38cfd8961b6b3437698b0c3be0356d947d51803a99bf4401f28,16000000,14917635,,152,96,12,12,403,12,188,False,FEASIBLE,False,False,476892950.0,476892950.0,,1071.43,1071.43,False,1990,True,8,5,108,,NOT_MEASURED_NATIVE_SOLVER_MEMORY_UNAVAILABLE,3,15924,35736,PASS,
200,10,200,10,A,NORMAL,HUB_COMPATIBLE_DAILY_SERVICE,normal,0.75,0.8,0.35,0.0,HUB_COMPATIBLE_DAILY_SERVICE,20261172,SYNTHETIC_SCENARIO_GENERATOR,SYNTHETIC_ROUTE_EDGES_FOR_STRESS_ONLY,1ae8216c4e515f2f338fc66ae4c153799b11483c037f037d19123ff5ae177d6a,50183e0cdf3399cd5ef2e20a485ede418eb9e95d24952e6c775335eb7d000870,60000000,0,,200,1344,0,0,394,0,200,False,UNKNOWN,False,False,,,,750.28,750.28,True,0,False,0,2,83,,NOT_MEASURED_NATIVE_SOLVER_MEMORY_UNAVAILABLE,0,0,0,NOT_VERIFIABLE,
200,10,200,10,A,NORMAL,ROUTE_LOSS_STALE_LOW_DATA,high,0.5,0.5,0.95,0.35,NORMAL,20261173,SYNTHETIC_SCENARIO_GENERATOR,SYNTHETIC_ROUTE_EDGES_FOR_STRESS_ONLY,167b73854494d5a358da227e4de99df760e9fe41f39389178b2737d0e703a4fb,01f77e916a2277e2ded6ea1140013cf6c33ce6c219e16929009674d2826b65d9,80000000,26817833,,116,768,35,91,395,35,165,False,FEASIBLE,False,False,2080862167.0,4948895706.0,,2456.66,2456.66,False,13930,True,44,5,193,,NOT_MEASURED_NATIVE_SOLVER_MEMORY_UNAVAILABLE,0,0,0,PASS,
200,20,200,20,A,NORMAL,BASELINE,normal,1.0,1.0,0.25,0.0,NORMAL,20261174,SYNTHETIC_SCENARIO_GENERATOR,SYNTHETIC_ROUTE_EDGES_FOR_STRESS_ONLY,af9de7cc8a8b8f3329df82c72188d835688816ce82fb8654712cdb08b5abc3b5,b480e212fb4b2bbfccca9804dd45a5f75a602f0cee9949b8770c6c9f8a8b1593,60000000,0,,200,1556,0,0,404,0,200,False,UNKNOWN,False,False,,,,750.43,750.43,True,0,False,0,0,36,,NOT_MEASURED_NATIVE_SOLVER_MEMORY_UNAVAILABLE,0,0,0,NOT_VERIFIABLE,
200,20,200,20,A,NORMAL,TIGHT_MIXED,tight,0.75,0.75,0.5,0.05,NORMAL,20261175,SYNTHETIC_SCENARIO_GENERATOR,SYNTHETIC_ROUTE_EDGES_FOR_STRESS_ONLY,dcb1cc32cbd4df38e27086a26940cf01692102ed39603a253a2e391506e15b69,e9067a91e05c42d9e553784d5cfeb6b2d09a63f5ff72a5e3f4c44715ad159d1c,16000000,13469425,,56,508,49,51,429,49,151,False,FEASIBLE,False,False,1656364070.0,1997043987.0,,2513.23,2513.23,False,1990,True,76,5,107,,NOT_MEASURED_NATIVE_SOLVER_MEMORY_UNAVAILABLE,8,60315,135344,PASS,
200,20,200,20,A,NORMAL,HIGH_POOR,high,0.5,0.5,0.8,0.2,NORMAL,20261176,SYNTHETIC_SCENARIO_GENERATOR,SYNTHETIC_ROUTE_EDGES_FOR_STRESS_ONLY,36679292ea33d00a15b744b109e3f55db77ad1c6af12ecbff1aa2d374f10bba1,346231ef134449dd583c20c64ff5d6683747af18e41d85acc006c1cbc827a214,80000000,0,,200,1536,0,0,395,0,200,False,UNKNOWN,False,False,,,,751.0,751.0,False,7960,True,0,10,155,,NOT_MEASURED_NATIVE_SOLVER_MEMORY_UNAVAILABLE,0,0,0,NOT_VERIFIABLE,
200,20,200,20,A,NORMAL,ZERO_BUDGET_NO_SUPPLY_LOW_DATA,zero,0.0,0.0,1.0,0.0,NORMAL,20261177,SYNTHETIC_SCENARIO_GENERATOR,SYNTHETIC_ROUTE_EDGES_FOR_STRESS_ONLY,3949b703c38a0cc4fdcc711085d70c0b9dcf3ae24521857609ec39c1c35e93b2,e847aa733d528fc98975dbdf8094f8998dac61c94d92a45c0552612aa4403052,0,0,,200,0,0,0,404,0,200,False,OPTIMAL,True,False,0.0,0.0,0.0,3.23,3.23,True,0,False,0,20,200,,NOT_MEASURED_NATIVE_SOLVER_MEMORY_UNAVAILABLE,0,0,0,PASS,
200,20,200,20,A,NORMAL,WRONG_SERVICE_REMOTE_EQUAL_DEMAND,normal,1.0,1.0,0.5,0.05,WRONG_SERVICE_ONLY,20261178,SYNTHETIC_SCENARIO_GENERATOR,SYNTHETIC_ROUTE_EDGES_FOR_STRESS_ONLY,ed61c13c28388cdb39e6de3f6bc6ee64deb3371862e842529d30c46de5d84953,c1002d0d7582c487c5404d16e0abcca85826cd2536570dde0dd76e189ced0cda,60000000,0,,200,0,0,0,200,0,200,False,OPTIMAL,True,False,0.0,0.0,0.0,2.95,2.95,True,1990,True,0,0,89,,NOT_MEASURED_NATIVE_SOLVER_MEMORY_UNAVAILABLE,0,0,0,PASS,
200,20,200,20,A,NORMAL,MASS_PROVIDER_DECLINE_REMOTE,tight,0.2,0.2,0.75,0.1,NORMAL,20261179,SYNTHETIC_SCENARIO_GENERATOR,SYNTHETIC_ROUTE_EDGES_FOR_STRESS_ONLY,3cda7250d4f652a86b8842ccac6e46d85201489fc3b09f62af10e87f71fb6afc,86ea340d28920b7b6db4d74f84d3d00658c587f4c625041e07456278ac7f5328,16000000,13926916,,128,568,46,53,378,46,154,False,FEASIBLE,False,False,1695153026.0,1978437118.0,,2507.2,2507.2,False,3980,True,36,16,154,,NOT_MEASURED_NATIVE_SOLVER_MEMORY_UNAVAILABLE,2,24802,55660,PASS,
200,20,200,20,A,NORMAL,HOME_REPAIR_HIGH_UNIT_COST,tight,0.5,0.5,0.5,0.05,HOME_REPAIR_ONLY,20261180,SYNTHETIC_SCENARIO_GENERATOR,SYNTHETIC_ROUTE_EDGES_FOR_STRESS_ONLY,330e08417613c67eff19b91b1c8233356f86f53072c0fecfc21ed051ac94304f,e34d4e4a6fd1a1c6e5cd4eb889f66abd038c70ed243b648baeef735c347e29d6,16000000,15391114,,92,112,12,12,395,12,188,False,TIME_LIMIT,False,True,483189636.0,490385859.0,,2414.8,2414.8,False,1990,True,12,10,108,,NOT_MEASURED_NATIVE_SOLVER_MEMORY_UNAVAILABLE,1,26037,58432,PASS,
200,20,200,20,A,NORMAL,HUB_COMPATIBLE_DAILY_SERVICE,normal,0.75,0.75,0.35,0.0,HUB_COMPATIBLE_DAILY_SERVICE,20261181,SYNTHETIC_SCENARIO_GENERATOR,SYNTHETIC_ROUTE_EDGES_FOR_STRESS_ONLY,53d35b468a411020f8a8a79956a775235e2a4397998e15d11356687bc390255a,d3539f0893bb168639e06a3a0099a3e6790c2c8fb313b897b09578ba58d5be6a,60000000,0,,200,26232,0,0,389,0,200,False,UNKNOWN,False,False,,,,1383.22,1383.22,True,0,False,0,5,77,,NOT_MEASURED_NATIVE_SOLVER_MEMORY_UNAVAILABLE,0,0,0,NOT_VERIFIABLE,
200,20,200,20,A,NORMAL,ROUTE_LOSS_STALE_LOW_DATA,high,0.5,0.5,0.95,0.35,NORMAL,20261182,SYNTHETIC_SCENARIO_GENERATOR,SYNTHETIC_ROUTE_EDGES_FOR_STRESS_ONLY,6f936cd6d03ddcf9ed8157dc42f22fea1d3154d6552185631b9a726aa014d190,67443b9f6999838fea5344850768542d592df178f6f87debc7ce335f52856d24,80000000,0,,200,1536,0,0,387,0,200,False,UNKNOWN,False,False,,,,750.69,750.69,False,13930,True,0,10,188,,NOT_MEASURED_NATIVE_SOLVER_MEMORY_UNAVAILABLE,0,0,0,NOT_VERIFIABLE,
