scenario_id,scenario,strategy,areas,providers,cluster_count,horizon_config,repeat,seed,input_fingerprint,model_build_ms,preprocess_ms,solve_ms,reconciliation_ms,schedule_ms,route_ms,total_ms,variables,constraints,candidate_edges,route_arcs,solver_status,optimality_proven,strategy_used,fallback_used,fallback_reason,service_rounds,covered_areas,zero_service_areas,underserved_points_covered,underserved_points_total,long_unserved_areas_served,minimum_coverage_met,travel_time,travel_cost,total_cost,budget_gap,invariant_valid,invariant_violations,geographic_global_checks,route_matrix_pair_lookup_count,route_matrix_pair_lookup_unique_count,route_matrix_pair_lookup_repeated_count,route_matrix_cache_hits,route_matrix_cache_misses,external_map_api_requests,heuristic_candidate_pruning_used,pruned_hard_compatible_pair_count,rolling_window_summaries,rolling_quality_regressions,rolling_attempt_quality,rolling_boundary_zero_service_rate,rolling_non_boundary_zero_service_rate,rolling_late_horizon_zero_service_rate,boundary_zero_service_rate,non_boundary_zero_service_rate,diagnostics_ms,input_provenance
normal-30-5-seed20291052,NORMAL,S1_V5_BASELINE,30,5,,FULL_MONTH,1,20291052,57fd2652ced2007ac4001a3f0c8177ec6a1ac3a94ecebec923c09ecfe746be68,3048.97,11.35,5398.22,0.0,0.0,13.94,5449.63,2735,4093,880,0,TIME_LIMIT,False,BASELINE_DECOMPOSED,False,,28,28,2,0,0,0,False,39557,1110259,8575259,,True,,,383,280,103,362,21,0,False,0,[],[],,,,,,,628.27,SYNTHETIC_GENERATOR_AND_SYNTHETIC_ROAD_EDGES
normal-30-5-seed20291052,NORMAL,S1_V5_BASELINE,30,5,,FULL_MONTH,2,20291052,57fd2652ced2007ac4001a3f0c8177ec6a1ac3a94ecebec923c09ecfe746be68,3077.71,12.24,5591.31,0.0,0.0,3.69,5650.01,2735,4093,880,0,TIME_LIMIT,False,BASELINE_DECOMPOSED,False,,28,28,2,0,0,0,False,39557,1110259,8575259,,True,,,383,280,103,362,21,0,False,0,[],[],,,,,,,674.31,SYNTHETIC_GENERATOR_AND_SYNTHETIC_ROAD_EDGES
normal-30-5-seed20291052,NORMAL,S1_V5_BASELINE,30,5,,FULL_MONTH,3,20291052,57fd2652ced2007ac4001a3f0c8177ec6a1ac3a94ecebec923c09ecfe746be68,3039.38,11.31,5482.7,0.0,0.0,4.46,5521.84,2735,4093,880,0,TIME_LIMIT,False,BASELINE_DECOMPOSED,False,,28,28,2,0,0,0,False,39557,1110259,8575259,,True,,,383,280,103,362,21,0,False,0,[],[],,,,,,,656.7,SYNTHETIC_GENERATOR_AND_SYNTHETIC_ROAD_EDGES
normal-50-5-seed20311052,NORMAL,S1_V5_BASELINE,50,5,,FULL_MONTH,1,20311052,6f3c180b2a2846c325ddbcf1f286850950460ead826cde9424f5ac1ff74eccbc,2258.11,20.65,3180.41,0.0,0.0,5.9,3256.71,4399,6510,1456,0,OPTIMAL,True,BASELINE_DECOMPOSED,False,,48,48,2,0,0,0,False,77026,2162034,14592034,,True,,,889,493,396,854,35,0,False,0,[],[],,,,,,,767.87,SYNTHETIC_GENERATOR_AND_SYNTHETIC_ROAD_EDGES
normal-50-5-seed20311052,NORMAL,S1_V5_BASELINE,50,5,,FULL_MONTH,2,20311052,6f3c180b2a2846c325ddbcf1f286850950460ead826cde9424f5ac1ff74eccbc,2427.52,20.0,3298.62,0.0,0.0,5.78,3367.46,4399,6510,1456,0,OPTIMAL,True,BASELINE_DECOMPOSED,False,,48,48,2,0,0,0,False,77026,2162034,14592034,,True,,,889,493,396,854,35,0,False,0,[],[],,,,,,,718.36,SYNTHETIC_GENERATOR_AND_SYNTHETIC_ROAD_EDGES
normal-50-5-seed20311052,NORMAL,S1_V5_BASELINE,50,5,,FULL_MONTH,3,20311052,6f3c180b2a2846c325ddbcf1f286850950460ead826cde9424f5ac1ff74eccbc,1931.96,28.59,2782.67,0.0,0.0,5.9,2854.31,4399,6510,1456,0,OPTIMAL,True,BASELINE_DECOMPOSED,False,,48,48,2,0,0,0,False,77026,2162034,14592034,,True,,,889,493,396,854,35,0,False,0,[],[],,,,,,,640.46,SYNTHETIC_GENERATOR_AND_SYNTHETIC_ROAD_EDGES
normal-100-10-seed20361102,NORMAL,S1_V5_BASELINE,100,10,,FULL_MONTH,1,20361102,e6d9c730bc4d47e9a063d2f474cc9aa81b396b85cd59a4d2f3deae26f7a01386,4753.02,75.26,7005.64,0.0,0.0,10.04,7185.85,12055,17117,5820,0,TIME_LIMIT,False,BASELINE_DECOMPOSED,False,,67,67,33,0,0,0,False,68574,1925026,22105026,,True,,,2486,1716,770,2420,66,0,False,0,[],[],,,,,,,822.44,SYNTHETIC_GENERATOR_AND_SYNTHETIC_ROAD_EDGES
normal-100-10-seed20361102,NORMAL,S1_V5_BASELINE,100,10,,FULL_MONTH,2,20361102,e6d9c730bc4d47e9a063d2f474cc9aa81b396b85cd59a4d2f3deae26f7a01386,4665.15,74.81,6844.59,0.0,0.0,10.93,7024.35,12055,17117,5820,0,TIME_LIMIT,False,BASELINE_DECOMPOSED,False,,67,67,33,0,0,0,False,68574,1925026,22105026,,True,,,2486,1716,770,2420,66,0,False,0,[],[],,,,,,,800.23,SYNTHETIC_GENERATOR_AND_SYNTHETIC_ROAD_EDGES
normal-100-10-seed20361102,NORMAL,S1_V5_BASELINE,100,10,,FULL_MONTH,3,20361102,e6d9c730bc4d47e9a063d2f474cc9aa81b396b85cd59a4d2f3deae26f7a01386,4591.39,75.57,6772.06,0.0,0.0,11.01,6953.56,12055,17117,5820,0,TIME_LIMIT,False,BASELINE_DECOMPOSED,False,,67,67,33,0,0,0,False,68574,1925026,22105026,,True,,,2486,1716,770,2420,66,0,False,0,[],[],,,,,,,798.65,SYNTHETIC_GENERATOR_AND_SYNTHETIC_ROAD_EDGES
normal-200-20-seed20461202,NORMAL,S1_V5_BASELINE,200,20,,FULL_MONTH,1,20461202,5f4172e719957df608e998a5be7664e86fa83485cf28c77ea2bf481a24993952,3065.87,319.99,4745.27,0.0,0.0,0.0,5318.24,22468,31372,23328,0,UNKNOWN,False,BASELINE_DECOMPOSED,False,,0,0,200,,,,False,0,0,0,,True,,,5334,5334,0,5334,0,0,False,0,[],[],,,,,,,0.0,SYNTHETIC_GENERATOR_AND_SYNTHETIC_ROAD_EDGES
normal-200-20-seed20461202,NORMAL,S1_V5_BASELINE,200,20,,FULL_MONTH,2,20461202,5f4172e719957df608e998a5be7664e86fa83485cf28c77ea2bf481a24993952,3184.4,321.33,4775.38,0.0,0.0,0.0,5351.5,22468,31372,23328,0,UNKNOWN,False,BASELINE_DECOMPOSED,False,,0,0,200,,,,False,0,0,0,,True,,,5334,5334,0,5334,0,0,False,0,[],[],,,,,,,0.0,SYNTHETIC_GENERATOR_AND_SYNTHETIC_ROAD_EDGES
normal-200-20-seed20461202,NORMAL,S1_V5_BASELINE,200,20,,FULL_MONTH,3,20461202,5f4172e719957df608e998a5be7664e86fa83485cf28c77ea2bf481a24993952,3700.79,344.31,5406.75,0.0,0.0,0.0,5993.07,22468,31372,23328,0,UNKNOWN,False,BASELINE_DECOMPOSED,False,,0,0,200,,,,False,0,0,0,,True,,,5334,5334,0,5334,0,0,False,0,[],[],,,,,,,0.0,SYNTHETIC_GENERATOR_AND_SYNTHETIC_ROAD_EDGES
